sample_id,person,phrase,augmentation,sample_rate,mfcc1_mean,mfcc1_std,mfcc1_min,mfcc1_max,mfcc2_mean,mfcc2_std,mfcc2_min,mfcc2_max,mfcc3_mean,mfcc3_std,mfcc3_min,mfcc3_max,mfcc4_mean,mfcc4_std,mfcc4_min,mfcc4_max,mfcc5_mean,mfcc5_std,mfcc5_min,mfcc5_max,mfcc6_mean,mfcc6_std,mfcc6_min,mfcc6_max,mfcc7_mean,mfcc7_std,mfcc7_min,mfcc7_max,mfcc8_mean,mfcc8_std,mfcc8_min,mfcc8_max,mfcc9_mean,mfcc9_std,mfcc9_min,mfcc9_max,mfcc10_mean,mfcc10_std,mfcc10_min,mfcc10_max,mfcc11_mean,mfcc11_std,mfcc11_min,mfcc11_max,mfcc12_mean,mfcc12_std,mfcc12_min,mfcc12_max,mfcc13_mean,mfcc13_std,mfcc13_min,mfcc13_max,rolloff_mean,rolloff_std,rolloff_min,rolloff_max,energy_mean,energy_std,energy_min,energy_max,zcr_mean,zcr_std,centroid_mean,centroid_std
JD_Confirm_Transaction3.WAV.ogg_original,JD,,Original,16000,-421.6229,117.95774,-603.38245,-231.4277,103.92474,81.35751,-75.3109,234.81418,32.536972,29.444397,-25.747444,125.29567,6.6925774,25.272982,-49.699036,58.798004,2.5182106,15.305912,-43.74243,31.4194,3.9183671,11.330407,-20.573338,33.35724,-6.272501,14.373552,-35.500214,19.180565,-4.2529426,14.046872,-36.407837,25.537899,-3.4905765,10.578966,-27.552837,20.286884,-1.5028697,10.959592,-36.57095,18.882103,-1.1764044,9.033272,-18.383213,18.308327,1.5397972,7.4001737,-18.031261,16.931252,-1.186089,6.8120594,-13.950711,9.636793,2840.7366071428573,2060.981030919371,320.3125,6726.5625,0.03605203,0.042688772,0.00016839441,0.16465573,0.11022600446428571,0.09193797059078225,1417.5073230428002,1026.228633548998
JD_Confirm_Transaction3.WAV.ogg_pitch_up,JD,,Pitch Shift +2,16000,-440.9862,127.57964,-647.51404,-267.67206,110.36811,70.05351,-43.779385,222.59398,28.946632,29.846819,-41.10474,88.11901,0.8079729,22.096283,-37.50312,41.823395,0.9298974,16.827835,-37.23211,38.317276,0.6490797,9.481594,-20.380566,22.778732,-10.651008,17.72525,-48.716667,12.485713,-4.9568653,9.532245,-25.265148,9.78133,-3.8737872,13.162398,-35.815914,21.77272,-0.81128997,8.371011,-20.193027,16.375374,0.03591895,6.8185964,-13.94211,11.896265,0.09754429,8.037421,-18.949013,17.432423,-4.005839,8.177727,-27.69764,8.59758,2676.8973214285716,1886.7780352053735,593.75,6695.3125,0.023833154,0.024898637,0.00014625122,0.0911801,0.10394810267857142,0.09125574197851577,1349.954815465926,884.4120177936649
JD_Confirm_Transaction3.WAV.ogg_time_stretch,JD,,Time Stretch 1.1x,16000,-441.7376,123.14266,-648.08734,-263.594,108.384445,67.173744,-32.264496,218.68816,37.270077,26.553589,-18.101585,90.46083,8.833682,21.750202,-39.25764,47.085518,2.2564268,13.465418,-31.972382,26.563475,3.3813221,11.6205435,-26.293354,24.996525,-8.439442,15.378762,-39.154217,15.229876,-6.059437,13.390223,-35.096382,21.33562,-5.1641498,10.379742,-25.445997,16.33461,-2.6531262,10.346681,-38.66929,16.09766,-2.4193108,9.767736,-26.741096,16.06063,2.1924758,6.0866356,-12.8825035,15.97575,-2.2674913,6.7449827,-15.454401,9.357099,2667.534722222222,1863.3893457930637,539.0625,6320.3125,0.024971172,0.029135134,0.00015627641,0.11320952,0.08890593998015874,0.0724971041540715,1321.0442937601197,828.6935364327742
JD_Confirm_Transaction3.WAV.ogg_noise,JD,,Background Noise,16000,-156.31702,44.884453,-239.05902,-65.33739,40.860107,46.33731,-30.592436,128.95708,22.6777,21.822273,-4.5447326,59.07251,7.5604744,15.337093,-27.140493,35.135273,2.1743264,8.573178,-17.405338,21.242271,0.81040055,7.2301364,-16.207867,15.542166,-4.770751,8.425663,-26.221264,12.951954,-6.455391,9.385585,-29.64185,7.4738674,-3.2286854,7.224535,-25.478718,13.521597,-1.0544463,6.44273,-22.190159,8.375656,-1.8926599,4.964138,-12.996212,7.0014114,-0.5112535,4.823057,-11.899844,9.468522,-1.1113336,3.9928548,-11.451005,6.8800745,5472.098214285715,1673.4714566906778,1367.1875,6937.5,0.10407254,0.11422884,0.00959866,0.4539141,0.292626953125,0.1718226236573168,2834.6297911721217,1167.394101489097
JD_Yes_Approve3.WAV.ogg_original,JD,,Original,16000,-449.0371,126.79356,-629.15845,-225.43637,87.08142,67.39274,-2.0441651,246.62659,30.944016,31.911478,-21.668468,128.89255,5.4895425,25.623041,-50.391045,65.50676,2.937602,11.85966,-27.263859,30.322906,2.060634,8.630834,-24.821394,20.043484,1.5492599,13.225956,-36.37401,31.51596,-4.731929,10.095237,-27.42638,17.989735,-11.097429,11.363385,-39.235817,6.0107727,-2.4513423,9.100533,-27.728584,9.579648,-4.38683,12.94069,-40.362015,22.799072,-0.60076207,9.080871,-27.04544,21.476675,2.7814424,5.9690495,-17.961655,16.446493,3495.1026119402986,2111.118956655205,335.9375,7070.3125,0.026453137,0.036689803,0.000121431614,0.13495143,0.14198781483208955,0.11330752496911317,1744.6909619779499,1060.3211946997678
JD_Yes_Approve3.WAV.ogg_pitch_up,JD,,Pitch Shift +2,16000,-466.88116,126.17061,-645.30066,-253.19493,87.83587,62.999382,-1.6787122,234.53821,28.043236,31.321693,-31.5542,113.4628,2.226027,26.151522,-68.311615,56.348843,2.358701,10.230572,-20.737682,20.05309,0.4842867,10.853087,-29.695965,27.499996,-2.2412758,11.648681,-32.316956,16.860601,-12.438733,13.3443365,-38.750473,5.199884,-8.940578,10.893048,-36.340954,6.050379,0.19745117,9.056623,-18.309408,21.33554,-2.6089387,11.02842,-33.38992,12.100626,4.8302484,9.234873,-19.262245,28.027145,-1.0939461,6.9320474,-15.859697,17.201658,3405.083955223881,2009.6776473105933,375.0,6656.25,0.019001383,0.02503013,0.00012529861,0.090833895,0.12200472248134328,0.0804278367366772,1657.198310355708,855.2623745692609
JD_Yes_Approve3.WAV.ogg_time_stretch,JD,,Time Stretch 1.1x,16000,-468.9524,129.48819,-663.65857,-263.032,89.53544,59.98032,1.4926417,239.70291,33.16641,31.389547,-22.048786,116.34404,4.1024613,25.71767,-52.42965,61.897724,1.7084013,11.342696,-24.092527,27.806856,-0.36772352,8.665916,-27.654804,13.9109745,1.4797128,13.896898,-31.50107,28.715427,-5.566366,10.202819,-25.646122,17.14751,-12.997267,13.060999,-43.86612,4.9558363,-2.6055553,8.994304,-28.439774,7.763995,-6.046311,13.011465,-37.19793,19.840925,-1.5305095,8.077027,-23.771147,11.392664,2.4497087,6.4906807,-14.40197,20.409195,3464.651639344262,2092.672855037166,335.9375,6898.4375,0.018635485,0.024114005,0.0001191371,0.08885337,0.12716924948770492,0.09251653506533143,1702.198775315535,937.3207384492982
JD_Yes_Approve3.WAV.ogg_noise,JD,,Background Noise,16000,-167.6296,39.831463,-240.65654,-69.19541,29.542261,41.147663,-5.9891734,132.80864,17.88769,24.329075,-11.942905,79.96977,3.8478663,14.167572,-22.626228,42.12243,2.0522273,8.210538,-16.951283,23.473412,1.0120198,5.8535624,-17.317871,12.329044,-0.37062266,9.028824,-28.7705,22.184414,-4.1400113,7.243285,-22.609287,8.157871,-6.9064837,9.8974695,-33.963882,7.302371,-4.981055,8.079621,-22.435953,7.574732,-3.4093637,6.387792,-18.474043,7.6157694,-0.08938831,4.3342304,-15.00478,8.876556,0.83827937,4.0191364,-13.223761,9.870579,5892.723880597015,1546.9613214701521,1250.0,7015.625,0.0792968,0.0964337,0.009781053,0.3705731,0.35430999300373134,0.1627869262906409,3162.5867909011795,1116.499959797053
Mariam_Yes_Approve2.WAV.ogg_original,Mariam,,Original,16000,-434.81543,89.71903,-586.2811,-235.03123,129.51256,51.757305,16.821758,223.02179,37.259773,32.03403,-12.748129,95.71165,9.7810545,28.629969,-33.688114,61.51729,13.324293,21.889454,-24.904942,43.31231,13.73682,13.842404,-7.8612957,35.69648,3.4687097,20.5636,-35.050354,39.214554,0.094922915,18.514679,-29.64254,33.8219,0.10995308,20.825163,-42.396957,28.717457,-2.4935286,16.618065,-33.282623,18.85375,0.92036796,10.641418,-21.43923,23.631218,1.8734919,9.320297,-16.990852,16.14429,1.5013536,4.104158,-8.250048,12.019699,1916.015625,2135.980596745531,125.0,7421.875,0.036385573,0.02740591,0.00096289045,0.09583171,0.08732096354166667,0.11100800352864428,1020.9197005997116,1026.0334876886675
Mariam_Yes_Approve2.WAV.ogg_pitch_up,Mariam,,Pitch Shift +2,16000,-456.375,89.741325,-585.667,-248.28593,142.3843,39.670258,48.354362,213.617,25.33414,33.478416,-25.648758,87.127106,7.198545,31.322493,-43.373615,58.47345,13.506681,21.391552,-21.67181,44.04492,12.161071,17.268864,-17.71128,41.780624,-2.5621114,22.631117,-29.290138,36.653816,-0.14583243,23.467527,-51.454712,25.42115,-0.80337626,20.632381,-38.605835,30.34035,-0.28264606,10.29002,-20.738434,20.261091,3.7891846,12.194177,-28.257023,18.864124,0.3541242,6.844261,-21.297915,9.797267,-4.2598805,6.109106,-19.06504,6.0530987,1584.6354166666667,1708.5680296417997,171.875,6507.8125,0.02184522,0.0142409,0.0018314668,0.048700247,0.0706787109375,0.08466830470473025,877.684929883677,713.7536627863649
Mariam_Yes_Approve2.WAV.ogg_time_stretch,Mariam,,Time Stretch 1.1x,16000,-453.9093,91.41771,-585.7987,-249.52397,139.18362,46.291653,29.274448,211.45993,35.979794,30.218721,-14.351285,86.37268,8.395818,28.876303,-33.483322,56.91921,14.001413,22.61011,-21.447693,42.91548,14.814266,13.789038,-5.5346103,37.278286,4.824077,20.877829,-32.531464,38.692757,0.13979548,18.75062,-26.843643,31.88712,-0.54844064,20.28059,-39.83501,23.047977,-3.4627748,16.158976,-34.94908,18.649609,0.28201276,10.023536,-20.52287,20.042927,1.9108067,9.335716,-16.021856,17.991829,1.4855056,4.2738457,-9.40941,8.7549,1611.7424242424242,2015.1307945203077,125.0,7359.375,0.026129732,0.014439565,0.0037968063,0.04963174,0.07297585227272728,0.10828367737457736,925.8070169045398,974.6352366232358
Mariam_Yes_Approve2.WAV.ogg_noise,Mariam,,Background Noise,16000,-115.66971,34.75529,-175.77693,-23.526022,40.906673,33.043964,-1.0621126,125.76909,26.08681,10.094759,4.674692,48.456722,10.392302,15.164111,-25.667772,36.05011,7.3310266,15.6294,-18.857533,34.488213,7.495832,12.390455,-11.073486,29.557505,3.562773,13.18584,-21.58121,30.358452,0.4889999,14.742255,-23.440008,25.354324,-0.7731962,16.185139,-33.47847,19.052183,-0.5559086,13.35917,-29.461243,19.605324,0.6706416,8.5698595,-14.538249,15.494944,0.5713749,7.209582,-15.356794,12.029439,0.8321402,5.92834,-14.812729,9.966968,5612.847222222223,1264.186055667036,2242.1875,7117.1875,0.16735762,0.12066053,0.022533156,0.43192148,0.2218560112847222,0.1538897008019477,2603.1195521184272,931.544519055174
Mariam_Yes_Approve6.WAV.ogg_original,Mariam,,Original,16000,-372.60205,124.23489,-607.527,-184.30435,88.472404,57.437546,-49.885048,170.28537,17.485596,33.354664,-54.198814,104.10394,11.514367,17.878197,-26.68155,48.389503,-9.675768,19.059074,-54.475883,32.39411,-10.711484,20.052341,-60.97491,17.044132,-7.1628304,13.979304,-40.433838,19.791527,-12.808044,20.713171,-55.4044,18.857727,-2.2775044,14.330449,-37.660896,25.952576,-3.6528847,11.482325,-25.648693,18.435923,-2.9296422,8.115065,-21.378098,12.481503,-2.9090407,10.7464,-20.315067,15.02408,-9.346102,7.5492644,-24.13164,5.024453,3153.7109375,1884.432157595383,632.8125,7351.5625,0.05056302,0.04525205,0.00097530836,0.1348983,0.1354736328125,0.09070794814738711,1705.0473865436602,1092.8449814100472
Mariam_Yes_Approve6.WAV.ogg_pitch_up,Mariam,,Pitch Shift +2,16000,-376.9677,113.57481,-606.9477,-218.63155,90.52458,56.668015,-32.996296,158.05034,15.758456,25.468178,-26.944605,71.04276,6.6130714,15.546499,-29.648829,37.12954,-18.586325,20.879406,-54.798714,23.222017,-11.321198,22.987223,-56.916054,26.462889,-14.789022,12.537429,-38.098877,17.754847,-11.433078,19.21988,-56.644012,18.3829,-1.8552771,8.570698,-20.275208,15.874338,-4.9703765,12.166513,-27.264843,17.616325,-2.5845544,13.161168,-24.038755,28.04903,-7.234529,8.249002,-24.254902,8.68967,-7.7170577,8.41128,-29.125465,6.7238264,2909.1796875,1745.4720365305366,734.375,6601.5625,0.038609125,0.032845616,0.00074795424,0.09478875,0.13585205078125,0.1295112739639342,1658.5359897261146,1080.427251690769
Mariam_Yes_Approve6.WAV.ogg_time_stretch,Mariam,,Time Stretch 1.1x,16000,-375.68646,111.81991,-610.578,-198.00829,88.15642,57.2571,-27.28223,163.93158,19.461609,25.543242,-22.519825,82.98326,10.435205,16.68759,-22.955929,46.501102,-12.523823,18.508417,-52.902504,21.90988,-11.254642,21.639977,-52.774033,31.564848,-10.947733,9.776414,-30.969112,11.079257,-17.039251,16.14966,-53.568314,16.739944,-6.5000577,16.060856,-35.843323,26.712082,-6.2259927,10.293145,-27.075504,7.8944373,-5.246887,5.752088,-13.879508,8.350177,-2.5352783,10.71832,-21.703682,18.823517,-9.444153,5.936098,-22.14575,3.1648679,3049.262152777778,1910.9312357271863,679.6875,6796.875,0.04238421,0.03682968,0.00072387676,0.11353966,0.1357150607638889,0.12196322040936354,1686.3431245438628,1076.9541701113199
Mariam_Yes_Approve6.WAV.ogg_noise,Mariam,,Background Noise,16000,-145.42429,47.7589,-236.42522,-57.10405,35.793823,41.6129,-28.463167,117.127,17.984182,18.721773,-10.627947,64.23535,4.276004,8.30144,-8.752939,25.712856,-4.392647,11.946713,-41.325497,23.906136,-6.2928877,16.01586,-50.95998,21.044895,-9.609536,11.747689,-33.301613,7.2833576,-8.788486,13.532243,-41.655884,11.542543,-3.3388476,11.152961,-26.498539,21.564976,-2.167953,7.1962123,-18.75647,12.889856,-0.8770522,4.328458,-9.591016,11.948051,-1.8240525,5.9835153,-11.392177,12.79397,-5.690009,5.2546616,-15.408276,3.8072796,5325.5859375,1737.617839961211,1773.4375,7171.875,0.14953382,0.1273987,0.010612825,0.3893961,0.3103759765625,0.1494991902709007,2857.195937991974,1186.3550609311862
JD_Confirm_Transaction1.WAV.ogg_original,JD,,Original,16000,-361.7092,113.81457,-605.43384,-188.49257,126.69058,70.90862,-43.002197,230.12297,10.476521,41.180355,-63.62639,109.42822,-16.971748,25.495022,-79.19852,41.649773,-10.675144,17.039196,-61.873745,26.780796,9.591522,12.179638,-12.978554,36.78739,-13.369095,16.32007,-47.008022,18.780098,5.063069,13.014476,-21.605892,30.79859,-3.855961,15.351135,-35.429527,30.634727,-3.4888628,10.552841,-30.581806,11.608606,3.9947627,10.673117,-14.096853,34.08309,-8.623831,9.706521,-34.88272,12.5121765,3.2497406,10.189301,-16.686619,25.02007,2437.3958333333335,1929.3534601792269,453.125,7289.0625,0.044208623,0.05217384,0.00068853435,0.1939347,0.11778645833333333,0.09350080043475038,1355.8963239346244,976.0053653822985
JD_Confirm_Transaction1.WAV.ogg_pitch_up,JD,,Pitch Shift +2,16000,-377.7325,113.52046,-630.781,-212.32542,127.23823,56.915478,-24.39398,220.90335,-0.3155945,40.949356,-74.982605,71.91382,-24.993576,27.035662,-80.5873,49.030922,-7.086588,12.65257,-36.18911,19.76069,5.7857995,8.248321,-13.60129,24.358833,-13.444265,20.85047,-58.85403,23.34187,8.704334,10.17845,-10.838316,28.807785,-12.446763,16.325037,-41.988647,17.200169,3.7118428,10.401534,-16.398767,25.479494,-6.7351317,7.025476,-26.343758,10.59775,-1.4938046,8.317825,-21.252045,19.266129,-2.5016778,11.003697,-29.979893,17.187866,2350.3125,1616.1024641028075,773.4375,6187.5,0.028492263,0.030973256,0.0006484953,0.10812419,0.11107421875,0.08250211154277766,1314.8728945960163,757.144087028014
JD_Confirm_Transaction1.WAV.ogg_time_stretch,JD,,Time Stretch 1.1x,16000,-377.02374,110.49079,-636.8776,-218.66785,130.99469,58.26047,-24.4987,227.07895,11.805676,40.139793,-64.031334,92.20428,-21.869247,25.884932,-65.89682,40.86045,-13.303979,14.283282,-50.104794,17.975119,8.937321,10.87947,-12.796607,33.446613,-12.81247,16.04515,-47.868904,12.711512,4.556431,12.413651,-19.461323,26.366867,-4.5411158,14.71578,-29.802258,28.774406,-4.1999874,10.053061,-25.211151,11.513979,3.348928,9.768929,-12.175661,25.695393,-7.525718,9.865281,-31.940128,11.47513,2.924242,10.347311,-15.106343,23.581367,2330.078125,1646.5123135407853,843.75,5976.5625,0.029594028,0.033475757,0.0006679159,0.12759586,0.10109576056985294,0.06921170455375389,1282.7770269632863,738.0374159705245
JD_Confirm_Transaction1.WAV.ogg_noise,JD,,Background Noise,16000,-172.33667,54.262825,-280.6259,-67.61268,54.68142,49.09706,-22.55847,134.3689,17.54053,21.037846,-15.882727,54.71378,-3.7772045,18.967197,-43.657257,30.192755,-4.5200424,11.766188,-42.166435,19.213364,0.23695974,6.6168847,-17.548397,15.801022,-3.956744,9.037798,-26.675167,15.144064,-2.7033095,9.545263,-25.632065,13.136323,-2.2055612,7.888032,-24.319565,13.174947,-1.9162575,5.6832123,-18.411179,12.441616,-1.7720867,4.779039,-16.20449,9.106212,-2.009695,5.1443315,-12.636378,13.479566,-1.4400606,5.8055344,-13.630567,11.374991,5151.25,1849.6148951651169,1335.9375,7023.4375,0.085877396,0.09718216,0.0066739772,0.3666756,0.25947265625,0.16240820615107965,2629.3760794803825,1126.8678184532378
Mariam_Yes_Approve3.WAV.ogg_original,Mariam,,Original,16000,-343.0198,119.936455,-599.0882,-160.52222,107.42985,59.67404,-6.536294,222.73361,26.194511,30.349415,-25.6914,97.42822,16.910486,21.998507,-27.497002,58.997078,-12.066281,14.650724,-34.45774,21.599491,-6.6990647,17.314013,-45.27379,28.12952,-14.437113,10.569736,-28.796883,9.621513,-14.223508,17.27095,-45.592533,20.675217,-3.7324052,13.87648,-28.904438,29.276237,-5.2904587,8.925779,-18.888935,15.016742,0.65425795,8.330186,-19.133057,18.041672,1.8828557,8.014528,-11.659428,24.503548,0.06948719,9.214529,-14.199735,16.011847,2940.2252906976746,2142.5059395837866,554.6875,7367.1875,0.056477275,0.05328502,0.00053474476,0.16675852,0.12736191860465115,0.1066506015759456,1572.8131267317367,1102.7047917307023
Mariam_Yes_Approve3.WAV.ogg_pitch_up,Mariam,,Pitch Shift +2,16000,-351.7758,108.703445,-577.5046,-199.36725,106.34028,55.45785,-1.007323,209.21048,23.012821,26.637789,-24.619465,80.4356,9.604558,22.582037,-31.414707,52.052032,-20.225435,13.494548,-52.715443,9.059002,-6.7086396,17.018024,-37.788376,22.547134,-21.682823,6.5170975,-38.76169,-9.757311,-8.695597,15.34763,-42.83008,20.742031,-3.1125562,12.50105,-19.385918,34.710327,-0.8522157,9.322417,-16.454765,22.52698,1.0615388,9.130495,-17.771835,23.112122,-1.0207498,10.260543,-16.054134,19.518883,-3.8369317,9.61896,-21.958118,13.78824,3019.8037790697676,2068.778809413562,648.4375,6812.5,0.04044552,0.037200145,0.0010644974,0.12415839,0.12378497456395349,0.11929523575093345,1582.4940213434604,1030.7701400150943
Mariam_Yes_Approve3.WAV.ogg_time_stretch,Mariam,,Time Stretch 1.1x,16000,-358.67697,114.463806,-601.60986,-181.32092,102.83649,58.029648,-8.022885,212.16637,26.895721,28.626347,-32.14832,78.609726,17.673206,19.623009,-16.494139,53.995056,-13.884333,11.327739,-30.923737,22.837492,-6.0008683,15.683711,-44.292965,16.113699,-14.963275,10.534795,-35.530247,11.036736,-14.330505,14.965426,-41.87182,23.922373,-3.9922283,13.131712,-31.749977,28.342293,-4.949058,7.2113676,-19.526112,9.26991,1.0049229,7.1086435,-14.073772,17.445126,1.7748439,6.8912196,-12.175676,17.77494,-0.1850154,10.50565,-19.616196,19.376663,3045.3125,2137.5192741729693,578.125,7257.8125,0.040751867,0.036262967,0.0006838705,0.1051329,0.1358154296875,0.11567291864864473,1604.4471474140325,1078.1549374976435
Mariam_Yes_Approve3.WAV.ogg_noise,Mariam,,Background Noise,16000,-160.12032,53.943005,-271.12808,-60.008976,52.077587,44.53837,-12.659048,153.92276,23.022339,16.024145,-3.7578378,67.898026,7.0056825,9.136037,-11.530883,31.319801,-2.1727674,11.74318,-24.376396,23.79638,-5.288476,11.973929,-35.3199,19.730478,-8.907941,9.116917,-26.089697,8.103523,-11.877509,10.514819,-31.21936,12.1241455,-6.5851517,12.204631,-29.093163,16.891104,-2.4218345,8.083264,-18.824074,16.162624,1.1522715,6.1466403,-13.435938,10.009279,2.2007337,6.4630513,-8.922376,20.709167,-0.5390261,6.50561,-9.529707,19.107859,5037.97238372093,2016.1464569888678,976.5625,7257.8125,0.12462342,0.11409577,0.0076482063,0.3625624,0.25969749273255816,0.15072720744806994,2575.367419242637,1144.9621299799924
Mariam_Yes_Approve5.WAV.ogg_original,Mariam,,Original,16000,-434.24133,80.96974,-549.8267,-263.1219,107.070076,45.695446,-24.59084,193.71494,32.168888,36.58677,-27.520855,121.1214,16.452665,20.555822,-23.4509,70.620834,-1.6893973,19.255503,-52.42014,44.705467,-3.6573374,13.825692,-32.712612,30.66277,-5.906407,12.105979,-39.423836,18.685362,-6.806788,20.414059,-53.22871,40.494423,2.6703365,14.811519,-31.178246,27.189137,5.5834556,12.022384,-15.18964,36.85463,2.9908051,7.6374316,-13.252211,19.082363,2.3004396,9.96187,-19.841621,23.424957,-0.27087432,9.122814,-21.583683,21.025444,2820.4627403846152,1941.9841453297402,671.875,6656.25,0.023870336,0.032540012,0.0016250401,0.11512167,0.10049203725961539,0.0732801157842801,1392.5685948995115,833.2182415683814
Mariam_Yes_Approve5.WAV.ogg_pitch_up,Mariam,,Pitch Shift +2,16000,-457.92722,79.33317,-592.7288,-279.27118,113.852875,45.692883,3.3705688,192.38376,27.772959,33.704372,-26.073643,112.27292,10.834799,19.547756,-29.931004,59.63961,-7.069817,20.501446,-55.951454,27.139935,-4.4431996,12.768814,-28.325844,21.53545,-7.658595,14.402452,-34.683697,21.249287,-1.6945897,20.393902,-50.2984,34.908722,8.326827,12.734495,-11.743504,40.918484,4.044692,9.428655,-18.762978,24.261887,0.9663052,9.274726,-13.764355,26.400398,1.2392526,8.479612,-19.577578,16.946228,0.98317266,11.098257,-23.726097,18.10976,2779.4471153846152,1817.5755615056403,789.0625,6132.8125,0.013686368,0.015555997,0.0010845588,0.05043973,0.09459510216346154,0.08138752620381841,1409.9864353651176,791.1499808266991
Mariam_Yes_Approve5.WAV.ogg_time_stretch,Mariam,,Time Stretch 1.1x,16000,-451.32965,80.15304,-573.98474,-284.35782,104.669785,45.56686,0.41476813,195.4117,32.63036,33.664886,-17.733181,118.89015,14.904965,20.463957,-24.600086,66.92139,-2.1163278,17.439991,-41.04689,36.379852,-1.3322737,12.836288,-28.190601,26.04862,-6.216899,10.425778,-36.138733,13.169638,-7.6068935,20.320803,-44.531548,38.60723,3.5021122,16.750994,-36.74317,33.878666,6.327622,10.965538,-10.02869,30.102364,1.9976249,6.6381364,-12.065174,15.44006,1.2642055,9.496784,-19.079697,26.160297,-1.0276371,9.040654,-22.626638,14.193157,2892.785904255319,1956.3263007154826,671.875,6585.9375,0.020803684,0.027591193,0.00095801783,0.09842473,0.09605634973404255,0.08779301278622856,1379.458189939532,777.4800501464828
Mariam_Yes_Approve5.WAV.ogg_noise,Mariam,,Background Noise,16000,-130.27895,29.239897,-192.11104,-46.185135,28.030245,28.515549,-4.420243,112.31391,17.360716,10.370684,2.0539162,50.19421,8.056642,9.630094,-27.253616,33.46678,1.1382211,10.798889,-31.033613,23.193783,-0.29002997,8.912747,-30.971523,13.755741,-2.3813815,10.230897,-28.459995,16.696152,-4.2097645,11.565556,-31.314404,13.687384,-0.766125,9.236727,-23.56112,17.563862,2.2224288,5.849305,-10.811323,13.64925,2.171008,4.5635858,-8.73679,15.71849,1.3503443,6.7044973,-17.892113,19.61966,0.416748,7.139233,-13.105312,16.517002,6045.673076923077,1135.6359713558777,2687.5,6820.3125,0.107178695,0.13274886,0.016471008,0.48293787,0.31807767427884615,0.12081431465746809,3135.038484404139,892.1186030604471
Mariam_Confirm_Transaction1.WAV.ogg_original,Mariam,,Original,16000,-368.00717,134.89464,-643.4632,-160.52289,76.0445,56.99954,-47.893875,166.1099,17.713877,29.937681,-32.970634,130.33812,13.914021,21.884594,-57.608665,63.593323,-22.040266,19.04717,-49.546883,13.19763,-1.299778,10.062528,-21.263962,22.062424,-8.220173,18.370451,-70.623146,19.580551,-13.574389,11.581738,-34.252266,9.711318,2.5325983,8.243217,-14.944344,22.536911,-11.423917,11.287721,-38.50315,4.0760374,-6.209211,8.4573,-26.076283,10.561014,-7.715383,8.873116,-22.365341,8.957106,-5.7239227,7.3229055,-24.066536,7.0267916,3477.05078125,2310.8280254825345,484.375,6718.75,0.046688303,0.030898714,0.00022300283,0.099573456,0.145263671875,0.095018912323481,1841.0640966293388,1173.1054990057726
Mariam_Confirm_Transaction1.WAV.ogg_pitch_up,Mariam,,Pitch Shift +2,16000,-381.15536,129.1173,-653.65424,-203.55745,75.8184,48.601543,-36.267616,158.37943,19.87844,23.743748,-28.14032,86.60506,-0.1768868,23.041904,-69.66681,38.053795,-27.800987,18.752783,-62.09223,9.702265,1.8558306,9.505193,-21.329643,22.877045,-18.29339,19.24688,-68.90759,8.630404,-6.073303,9.572918,-25.9295,9.917732,-4.7564373,8.534244,-24.908554,9.536585,-13.474457,7.6577616,-25.048481,1.9026418,-7.4535065,9.157753,-26.679659,8.559543,-6.899075,5.639333,-18.318884,1.8837166,-8.320137,7.3094244,-24.70055,6.1470833,3627.2786458333335,2086.0307397216206,578.125,7000.0,0.032672573,0.02035152,0.00021279213,0.06645895,0.12440999348958333,0.1020222045377068,1818.8536998418485,1012.4407376342721
Mariam_Confirm_Transaction1.WAV.ogg_time_stretch,Mariam,,Time Stretch 1.1x,16000,-383.02747,130.73578,-661.4371,-197.02126,73.22979,48.96125,-35.569653,162.68575,24.709414,22.21894,-14.95001,87.34502,7.683149,20.50673,-44.647285,47.24717,-26.357813,17.19755,-52.932808,11.281833,-0.9459839,6.042322,-12.899504,10.990761,-9.336313,19.44459,-64.53387,17.870588,-12.624505,9.902453,-28.124428,8.854122,0.34025222,6.563278,-11.749169,12.76212,-10.889469,9.441308,-29.498878,4.790162,-7.8481855,8.792148,-21.987648,7.193803,-6.4460797,7.1749415,-18.549194,5.3409305,-5.8029375,7.6445947,-23.290276,7.122329,3817.2238372093025,2065.530787407161,703.125,6515.625,0.03170299,0.021401903,0.00021603,0.079626374,0.11763035973837209,0.09148866392761013,1865.351437457215,1006.1730904022334
Mariam_Confirm_Transaction1.WAV.ogg_noise,Mariam,,Background Noise,16000,-102.90438,44.529293,-200.79195,-12.856652,28.34429,33.046917,-40.23004,93.70093,16.92208,13.982172,-2.3263881,69.31672,3.7005215,12.7217655,-24.37867,30.373707,-11.2478075,14.195712,-44.916134,8.873198,-4.269333,6.0218945,-20.90044,4.3075676,-9.178001,11.708993,-51.438316,3.4044728,-8.002914,6.682668,-27.111633,2.8754907,-3.441769,7.859717,-18.747742,14.8494835,-5.869332,5.4405165,-13.852222,4.688634,-6.4275246,5.2215834,-18.959698,5.3999166,-5.112976,6.013151,-18.213928,7.4139967,-6.127583,6.1775203,-21.771488,3.7922418,5541.666666666667,1041.8517901906798,3320.3125,6906.25,0.20366621,0.12677842,0.014738555,0.42556906,0.2565714518229167,0.15397794439233,2778.9835556838443,1000.1501131802104
Noella_Confirm_Transaction1.WAV.ogg_original,Noella,,Original,16000,-487.89975,101.24282,-679.34766,-292.48212,64.16995,57.784386,-90.77411,143.10703,21.74865,28.955893,-24.31818,119.972595,-17.598717,23.858511,-65.2301,23.462482,-6.3065133,18.11207,-50.345688,24.9711,5.5155954,9.740507,-26.189411,25.553135,4.136602,11.744566,-34.86203,33.977825,-11.172081,9.537918,-36.42112,2.0233674,-3.54563,7.1175885,-18.742237,21.948944,-6.0653777,11.148751,-29.8511,21.8695,-6.97066,8.456838,-30.312767,18.47596,-14.180678,10.155004,-37.419193,3.4232502,-5.525127,10.606409,-28.951454,16.870869,4186.800373134329,2741.7473679344384,257.8125,7375.0,0.01717199,0.01668123,2.3360155e-06,0.054216888,0.14201696595149255,0.13450793658911842,2242.879342869549,1501.4000118936442
Noella_Confirm_Transaction1.WAV.ogg_pitch_up,Noella,,Pitch Shift +2,16000,-517.5565,103.72988,-738.5011,-355.68887,65.90398,53.545166,-65.89935,151.52493,12.999161,29.941824,-26.930132,104.303024,-20.828226,22.505959,-60.482277,24.66034,-5.15883,16.869425,-46.84862,21.122524,13.781289,10.584294,-3.0317411,42.252003,-7.4484963,11.191223,-42.26013,11.674893,-10.050521,9.1787815,-25.818409,8.102245,-9.063334,12.690689,-31.48912,24.499828,-6.7631216,9.50242,-36.00831,8.101292,-16.320799,10.063362,-42.973907,2.6359663,-9.575869,8.467602,-28.549137,8.375982,-10.556205,7.0404296,-25.99745,3.047583,3795.9421641791046,2446.0273048004715,335.9375,6781.25,0.010619628,0.008656599,1.7767305e-06,0.03215671,0.16949918376865672,0.15175383689185157,2011.3114919305099,1260.3225765980758
Noella_Confirm_Transaction1.WAV.ogg_time_stretch,Noella,,Time Stretch 1.1x,16000,-508.80225,111.04348,-733.1609,-337.84766,57.794445,54.077747,-73.87353,138.30435,25.864573,30.95339,-11.706417,118.09561,-21.382902,21.7198,-60.109814,22.784122,-8.983862,16.83169,-47.812134,17.325588,7.3250794,7.9444795,-15.863983,20.996212,4.380493,12.400408,-28.994097,31.98071,-11.948888,9.971443,-37.36419,1.6662827,-4.207627,5.8620954,-19.54448,7.497409,-7.3921595,10.986833,-24.055435,17.84259,-7.7550316,7.96537,-24.282915,9.386237,-16.168732,10.22813,-39.95352,1.7784383,-6.4559026,8.371849,-25.50579,9.380617,4456.070696721312,2656.4888709246925,320.3125,7351.5625,0.011971037,0.010262759,2.5661643e-06,0.031086884,0.1856109118852459,0.15190562377711883,2326.294283714143,1431.7482109535692
Noella_Confirm_Transaction1.WAV.ogg_noise,Noella,,Background Noise,16000,-77.00734,16.432835,-131.36412,-36.449543,8.298332,15.690535,-46.089733,40.984722,8.956471,10.116965,-10.092897,44.59954,0.8444613,9.694161,-30.091038,12.953703,-0.1836687,6.531468,-20.287064,12.196139,1.121419,3.9913042,-9.964895,10.305022,1.6660398,5.72808,-20.418753,18.427269,-1.2563857,4.2215595,-15.137251,6.58792,-2.22074,4.695214,-11.556244,8.569599,-3.4682353,5.8015304,-17.566557,10.391699,-3.9304528,6.1387334,-17.89449,9.054869,-5.479501,6.7003255,-18.620283,9.980501,-3.3258636,6.9316325,-15.862144,10.817083,6585.237873134329,432.5258850472053,5171.875,7343.75,0.15619573,0.12750427,0.029773356,0.4498063,0.3128133745335821,0.1628375864394417,3506.100389913249,681.8944932711717
JD_Yes_Approve1.WAV.ogg_original,JD,,Original,16000,-435.697,134.96689,-653.5906,-165.15028,90.50734,69.94058,-40.392815,242.20349,24.411499,31.681114,-29.073587,125.81169,-0.06872958,29.075068,-47.281624,54.7881,4.818653,13.780138,-21.881922,41.66378,7.2278566,10.095447,-16.868225,29.476902,-0.6247626,18.098534,-52.972267,29.302706,5.9166903,8.803953,-8.982282,38.005512,-10.467821,10.626502,-31.83603,5.8665366,-3.819957,11.2531805,-31.267994,15.380384,0.67022413,13.516699,-24.470242,32.500763,-4.8019753,8.976094,-28.558083,18.685698,2.457794,6.8532314,-10.000057,19.86929,3877.7573529411766,2210.194759323645,531.25,7156.25,0.023522718,0.030295126,0.00026628698,0.09911828,0.15900735294117646,0.11440702763985136,1916.909229552149,1121.7738981917757
JD_Yes_Approve1.WAV.ogg_pitch_up,JD,,Pitch Shift +2,16000,-455.55322,137.61841,-657.99084,-210.12663,90.85017,63.39568,2.6873631,241.99162,21.523035,28.096037,-33.4578,87.712234,-1.5926456,27.61683,-49.892677,41.45611,8.846732,12.763469,-21.647717,41.478786,3.3957891,14.378043,-45.504883,29.674559,-1.9702866,17.554884,-44.90301,23.462524,-0.43197277,10.341056,-28.126926,22.852798,-14.989983,14.103099,-39.096733,7.9294324,3.9622707,13.724947,-30.410278,32.09139,-5.683519,7.664084,-29.190424,9.526604,-2.668771,7.9634175,-18.79852,14.139126,-3.5946474,5.7281957,-13.866818,12.201105,3755.2849264705883,2065.3591380083935,609.375,6515.625,0.017014654,0.021377265,0.00022776567,0.07373283,0.14742503446691177,0.0989820644618342,1835.0615755720773,971.4697968493159
JD_Yes_Approve1.WAV.ogg_time_stretch,JD,,Time Stretch 1.1x,16000,-454.28232,137.64868,-675.4357,-212.26863,90.87101,59.98026,3.4198775,244.84921,27.751661,28.603346,-27.87014,93.09047,0.16847001,29.179977,-45.610977,52.319405,6.686124,12.805919,-21.150799,37.90908,7.556817,8.155141,-10.187199,25.66452,-0.46712214,18.894688,-52.473976,26.517227,7.132289,7.754353,-4.75605,33.160336,-11.587628,10.409051,-33.800293,3.4746547,-4.952463,10.809091,-32.353912,16.613798,-0.30994588,13.639189,-30.043678,32.468315,-5.9345336,7.6201234,-22.03926,11.23981,1.5879381,7.153813,-10.587117,18.793262,3869.7076612903224,2106.511167394715,539.0625,6953.125,0.016719077,0.020350456,0.000275283,0.06342645,0.1304262222782258,0.0872142337685588,1844.5851184395585,982.8806126374469
JD_Yes_Approve1.WAV.ogg_noise,JD,,Background Noise,16000,-141.60033,42.951626,-210.11371,-33.739784,28.800465,41.13874,-32.388515,121.66849,16.349138,23.816645,-20.076649,85.75377,0.5512314,13.144664,-31.512985,36.922493,1.174697,10.429879,-20.469934,29.551262,2.9531176,7.4757333,-12.657215,22.233562,-0.2639493,10.0711155,-33.24938,15.446781,-1.0998962,6.4147186,-18.76152,9.04545,-6.672308,8.070308,-28.513363,4.581712,-5.3446603,8.251706,-24.834469,7.1667786,-1.8800739,7.6324396,-19.763382,9.044729,-1.1815765,5.3419566,-13.458819,14.242715,1.493484,4.2013354,-8.56329,12.594072,5961.511948529412,1395.1849165312576,1781.25,7125.0,0.088787526,0.09950296,0.012492556,0.34256065,0.35236672794117646,0.15773764585656555,3206.2480048533625,1064.3673280370285
Mariam_Confirm_Transaction6.WAV.ogg_original,Mariam,,Original,16000,-353.63956,102.43654,-616.0244,-210.99852,92.790436,67.64095,-77.96675,221.46437,9.128713,28.14765,-39.073845,94.10579,17.253828,26.279099,-25.129444,90.13899,-27.038994,18.670895,-77.57443,9.58102,-6.098689,15.219397,-36.614464,32.193863,-19.688402,13.66551,-52.605602,6.5596404,-18.360006,14.385649,-41.170208,12.745951,-2.594397,12.092054,-24.704342,26.80443,-10.982155,13.715724,-33.74994,15.568507,-6.974809,8.88979,-31.579182,10.096525,-0.17299919,12.265304,-22.935078,23.76196,-3.645464,7.0212064,-15.177465,11.21969,2954.0625,1859.5369152190822,515.625,6039.0625,0.044487964,0.03132483,0.000488427,0.10703086,0.1388671875,0.11166974039734379,1681.1418756466903,1089.0789356899827
Mariam_Confirm_Transaction6.WAV.ogg_pitch_up,Mariam,,Pitch Shift +2,16000,-362.72028,98.66313,-619.6375,-247.64478,89.54542,59.246586,-54.86849,207.72888,8.656307,29.38694,-42.858597,61.8629,2.950076,23.633963,-35.181572,51.521126,-34.73336,18.038395,-74.25127,-10.2947035,-4.804078,15.241412,-35.394142,21.679325,-28.758106,13.987529,-57.34472,-0.5707377,-8.598519,11.951324,-32.893112,14.495052,-7.178809,8.46651,-28.040281,8.773678,-9.9135895,12.493423,-31.473778,17.058012,-3.9517426,11.792035,-32.812386,17.680304,0.75594485,9.625989,-15.801538,18.810585,-8.709061,9.981372,-23.61097,14.400318,3318.59375,1792.13116329283,1031.25,6218.75,0.030430607,0.01922652,0.00044435286,0.0587248,0.139921875,0.11540585592343612,1770.3089327402638,1022.0464732552418
Mariam_Confirm_Transaction6.WAV.ogg_time_stretch,Mariam,,Time Stretch 1.1x,16000,-365.451,97.64712,-632.32153,-245.09247,91.89323,59.986847,-40.634193,215.78732,12.057182,24.473755,-31.301624,66.17139,13.507456,25.82889,-21.361042,71.14896,-31.031061,15.892201,-67.33868,0.2610745,-3.7975981,15.5004425,-33.84919,28.557793,-20.767988,11.420594,-46.56327,1.7082587,-17.998951,13.221324,-44.861378,8.371582,-5.053077,9.7695265,-19.081573,16.71635,-10.503896,13.248174,-34.325974,13.86702,-11.131476,8.76338,-32.103012,6.9839487,-0.4073779,11.524193,-20.475117,21.884188,-3.9772422,6.966611,-18.512619,8.580876,3192.9347826086955,1720.8931407147047,906.25,5960.9375,0.027710909,0.020060632,0.00046949365,0.06544518,0.12124235733695653,0.09867136875533251,1704.6107032963644,958.6591312550235
Mariam_Confirm_Transaction6.WAV.ogg_noise,Mariam,,Background Noise,16000,-129.97464,42.10606,-225.76399,-45.35208,38.46318,40.077957,-54.754013,110.04019,15.940718,12.916023,-2.327732,40.114044,2.3842385,15.202227,-26.628984,32.33227,-12.905824,13.050496,-45.24475,7.6456275,-6.6829033,10.769968,-31.497135,15.246092,-11.9747,9.350346,-34.422096,10.427736,-13.154937,9.072817,-33.604286,5.6888294,-4.9486003,7.5190024,-17.106472,14.088216,-7.6102433,6.9111233,-19.20906,8.309133,-7.5108824,7.0976825,-21.982285,7.255725,-1.48384,7.1784587,-10.875388,20.346561,-2.1721847,4.9295664,-12.097494,12.403313,5244.0625,1312.9199105072062,1906.25,6851.5625,0.14404036,0.0958096,0.01116149,0.3392682,0.229716796875,0.1550661084494434,2635.288184166971,1028.2651217859998
JD_Confirm_Transaction2.WAV.ogg_original,JD,,Original,16000,-373.9862,112.94009,-644.87463,-225.73805,140.92761,77.87193,-31.262383,245.24257,5.444748,41.585293,-68.36437,105.88576,-10.549457,22.57771,-77.125626,40.965923,-3.7143323,17.22882,-48.18302,43.106457,8.1288595,11.14259,-23.842987,35.237114,-12.292148,18.313477,-49.164406,32.871986,-1.3885177,15.536734,-31.480667,26.960892,0.09456748,10.40766,-28.138866,25.166683,-2.8794925,12.096113,-25.25526,28.561031,1.5011206,8.26475,-19.196701,20.348972,-0.048398048,10.236267,-33.339935,15.170606,2.9611337,8.707183,-12.844027,19.589043,2386.488970588235,1937.0433849674093,335.9375,6718.75,0.041755587,0.04387768,0.0003617909,0.14295118,0.11081112132352941,0.08650732106254251,1274.5701835434822,934.5318402201764
JD_Confirm_Transaction2.WAV.ogg_pitch_up,JD,,Pitch Shift +2,16000,-381.3098,106.72517,-649.68506,-245.95612,138.17058,64.84353,-20.704933,231.81657,-1.8644626,40.44203,-82.39166,79.698364,-13.959226,23.929354,-72.78755,39.0381,-1.0575199,12.309967,-22.05397,33.656128,4.8318243,7.6430902,-9.98876,23.622269,-14.1131735,22.308867,-54.068485,33.10244,2.0492787,10.017076,-21.694717,25.046188,-3.7708507,13.628167,-29.51477,31.918373,-0.3073809,6.22247,-18.404785,14.197031,-1.3982689,10.207233,-23.81808,19.543137,0.7201799,7.7068343,-17.184404,16.04753,-8.091216,7.7130346,-31.488655,5.137802,2275.390625,1656.107668841842,515.625,6242.1875,0.029660566,0.029955804,0.00037321541,0.11047972,0.10997817095588236,0.08605292896870834,1245.7053884957218,807.0510238457348
JD_Confirm_Transaction2.WAV.ogg_time_stretch,JD,,Time Stretch 1.1x,16000,-388.91147,103.145515,-665.18524,-271.07465,141.12885,63.76504,-10.932758,233.59552,8.792046,39.11263,-72.65602,96.5728,-11.022715,20.024664,-54.009735,31.979425,-5.125208,13.576208,-29.570366,37.244335,8.013234,9.372784,-9.428963,32.47022,-12.716878,18.867392,-51.25761,30.147335,-4.1563544,15.767209,-34.037636,24.689354,-1.1656464,9.016435,-22.232918,14.326278,-3.8948858,11.921838,-29.297806,24.352451,-1.3562928,6.9424415,-16.567905,14.72523,-0.7337709,9.1560135,-24.260433,16.502378,2.9445713,9.269382,-14.90579,19.55809,2288.5584677419356,1686.9030309401999,546.875,6328.125,0.025274001,0.023033239,0.00036407274,0.081579044,0.10011340725806452,0.07959443207684994,1212.7437170745666,774.9059809831327
JD_Confirm_Transaction2.WAV.ogg_noise,JD,,Background Noise,16000,-144.00082,50.90939,-246.58614,-49.2179,56.86694,45.852303,-13.004774,134.35706,14.181559,22.128826,-21.860565,47.090263,-3.7248478,20.412022,-47.65267,27.378033,-0.94111913,10.7746315,-31.85328,17.689278,0.9695459,6.072203,-17.184921,15.397734,-4.673223,11.364571,-33.059822,18.04356,-5.3355293,10.664419,-29.079048,12.58413,-0.94929963,6.833033,-21.47419,12.553074,0.05729828,6.4674044,-15.575127,16.659122,-1.8237706,5.1759706,-12.723502,7.6216135,0.19086792,4.1788044,-13.129562,8.974585,1.4540119,5.7299037,-11.5814495,11.335375,5053.883272058823,1839.4347067903998,1445.3125,6859.375,0.10872036,0.10927107,0.008909383,0.36299488,0.23533002068014705,0.14730600784748812,2531.2548389889957,1049.4197456531642
Mariam_Confirm_Transaction2.WAV.ogg_original,Mariam,,Original,16000,-357.96283,101.20297,-647.8345,-195.96788,91.28206,55.64973,-70.77991,170.53319,8.055029,30.47832,-40.96859,111.40436,12.174328,26.599224,-43.798214,73.86741,-23.821108,16.002415,-58.400543,8.094326,-5.526382,12.437847,-35.149094,24.634554,-16.956184,19.895235,-63.183426,14.705351,-20.529846,11.00161,-43.21978,2.2374003,2.3969412,12.837577,-28.728355,28.43023,-15.873054,10.85247,-34.65184,4.445135,-6.894755,6.600887,-21.601307,3.895502,-6.4658566,9.200475,-21.412338,21.203146,-7.314559,5.800475,-20.857553,4.240869,2579.578488372093,1801.4730854085758,476.5625,6453.125,0.052089427,0.026381595,0.0001402939,0.09510969,0.12975790334302326,0.09833860068478185,1433.1490036789103,957.2033372915427
Mariam_Confirm_Transaction2.WAV.ogg_pitch_up,Mariam,,Pitch Shift +2,16000,-368.20255,93.13222,-649.46796,-235.55385,92.312775,40.773655,-14.371037,152.15224,6.865114,24.813164,-38.33421,65.2171,-0.7416107,25.338652,-57.31461,40.569077,-31.82691,14.77776,-62.617382,1.5109735,-6.7044673,13.081499,-30.28947,24.143217,-29.394485,16.656286,-59.45558,-0.089803785,-6.34291,10.9861765,-27.38731,13.618179,-5.4877925,6.239735,-17.996727,8.876807,-17.232708,10.702984,-37.122105,1.5794606,-6.019023,8.091238,-22.573942,11.780096,-8.095121,6.5396914,-20.961325,8.1807375,-12.040371,9.505709,-29.746113,10.285824,2635.719476744186,1639.1985971647746,570.3125,5539.0625,0.03725877,0.017821694,0.0002274449,0.07313596,0.08991188226744186,0.07850996274137745,1373.9861670842106,755.1517841253122
Mariam_Confirm_Transaction2.WAV.ogg_time_stretch,Mariam,,Time Stretch 1.1x,16000,-368.33774,93.54643,-657.88824,-238.7695,96.42599,39.727436,-14.334595,148.52539,9.448616,20.806406,-35.869995,63.4414,10.280604,26.228918,-39.905838,58.223717,-27.142172,13.961908,-53.13179,2.182813,-7.207616,9.248978,-26.055044,14.670551,-21.168543,19.86434,-55.45427,14.215427,-19.870525,8.810465,-42.166763,-0.6260704,1.2072022,8.026632,-19.987001,17.658081,-15.072548,10.847978,-35.29888,3.2298777,-8.588294,6.0553913,-22.039242,4.340082,-6.5104156,8.007674,-20.121944,11.073486,-6.0921597,5.049524,-17.795311,4.7000256,2519.921875,1513.6655241802255,523.4375,5070.3125,0.03536693,0.018656246,0.00020805944,0.0793892,0.0809326171875,0.0649323880236797,1316.6432864413785,677.2294771994931
Mariam_Confirm_Transaction2.WAV.ogg_noise,Mariam,,Background Noise,16000,-115.75916,36.886314,-203.7577,-34.090828,39.28155,31.236101,-38.11402,101.13148,16.91583,13.076469,-9.40066,51.26436,2.1848927,15.224685,-28.474678,33.697018,-9.760952,12.030818,-34.572544,9.975918,-7.1755834,10.499127,-31.649445,17.906578,-13.9800205,12.730748,-44.46727,2.0362854,-10.872696,8.568929,-26.746567,5.0565953,-3.3239152,7.7887483,-15.957993,17.696173,-7.224557,5.8735723,-24.764843,6.5903482,-6.427784,5.104365,-17.379164,5.9133577,-5.440785,6.2021255,-16.237358,14.646289,-6.6033416,4.468247,-19.417389,0.9486895,5242.550872093023,1126.4348507460415,2312.5,6796.875,0.19868788,0.09713912,0.013359243,0.35954145,0.20838253997093023,0.13520037112653024,2441.6149833358163,861.2500934459451
Noella_Yes_Approve1.WAV.ogg_original,Noella,,Original,16000,-511.54248,101.58297,-709.829,-293.9118,50.76284,62.124874,-71.4344,182.15738,29.567356,36.626022,-47.004845,122.720276,-8.693539,25.805319,-64.546585,37.458412,1.3658311,17.471533,-32.567833,43.169903,-14.987355,14.674313,-47.828968,6.9546576,1.0031407,5.808897,-12.781868,11.528325,-5.8206124,9.01613,-26.19534,9.946583,-6.525434,9.999866,-30.741638,18.483082,-2.8085017,8.32215,-20.852724,16.23999,-6.1011043,6.1918077,-25.635345,3.5464616,-3.6246545,9.268126,-29.921669,15.687522,-8.993941,6.871299,-22.357323,3.0234857,4767.548076923077,2630.1142911644824,476.5625,7484.375,0.012328665,0.011929257,2.3360155e-06,0.040609017,0.2421649639423077,0.2392666647261231,2947.6106130636726,1914.3641074717307
Noella_Yes_Approve1.WAV.ogg_pitch_up,Noella,,Pitch Shift +2,16000,-546.9609,111.94807,-791.6222,-343.12244,54.3766,56.310493,-42.672684,175.1777,21.51607,36.100063,-56.355297,102.82802,-11.453392,23.215872,-58.395554,33.46073,-3.9782326,21.659922,-48.530514,45.068436,-14.524097,15.680989,-50.88485,5.9939566,3.0601497,9.167476,-15.379043,24.852224,-11.859444,10.320591,-32.366844,6.293926,-5.905331,10.003317,-24.171019,22.049904,-6.46334,4.8789024,-17.061665,2.2006593,-7.546966,7.7438383,-26.09398,2.8174477,-7.109891,6.9933195,-21.75996,10.708174,-8.846016,6.8591514,-23.827663,0.9333291,4938.822115384615,2490.175470827007,531.25,7460.9375,0.0072007873,0.006547442,1.7724489e-06,0.020882763,0.30877403846153845,0.24888452315964496,2959.951705603613,1879.9755151999902
Noella_Yes_Approve1.WAV.ogg_time_stretch,Noella,,Time Stretch 1.1x,16000,-541.43524,119.01125,-809.7922,-353.1811,47.576443,60.63638,-70.371254,165.40149,31.927565,39.36221,-40.128437,122.90012,-12.9028015,25.8797,-62.650112,42.07065,1.7605,18.992558,-31.708557,44.086056,-18.135118,14.490217,-44.609707,6.0644464,1.4027784,6.2398977,-12.6194935,16.403927,-6.224301,9.078496,-30.343357,8.516846,-7.37621,9.177648,-26.832664,17.328579,-2.7680025,7.015502,-18.210773,10.238403,-7.7955327,6.6408014,-24.154652,2.3403087,-3.7561746,9.341502,-28.151657,12.435518,-10.3459425,7.1496506,-24.201342,4.9001036,4992.838541666667,2547.389906597711,500.0,7523.4375,0.0072524208,0.00583902,2.5463466e-06,0.016807022,0.3011962890625,0.2402576768113714,3096.4991006153095,1926.0009870176905
Noella_Yes_Approve1.WAV.ogg_noise,Noella,,Background Noise,16000,-85.00073,19.867449,-137.33022,-9.867556,5.229478,22.10138,-42.08207,73.40859,10.287734,10.673538,-4.191915,35.622578,-0.86818016,10.78722,-32.250137,13.151236,2.4434912,8.35987,-21.108198,24.265781,-4.6566567,7.2151146,-21.853138,4.2398067,-0.89325833,5.195556,-14.467282,11.184778,-3.5615544,4.113634,-11.965826,6.035899,-2.6625519,4.368681,-14.547442,5.6460953,-2.169404,4.6948137,-13.395826,7.9032464,-3.7805874,4.2615967,-11.899406,4.0988255,-2.0906634,5.805887,-19.087498,9.562122,-3.386246,3.9377704,-10.755966,3.410234,6640.625,481.885273137026,4843.75,7414.0625,0.11302416,0.081097096,0.027725805,0.32088953,0.39107572115384615,0.1925007247471444,3802.4691368528574,905.5859506534147
Mariam_Yes_Approve8.WAV.ogg_original,Mariam,,Original,16000,-437.1893,94.28153,-622.03326,-199.10083,115.62589,37.04941,15.954346,192.51434,15.704108,28.746944,-57.72048,84.60169,1.0044414,25.586685,-63.79593,44.74849,-11.0694,15.598254,-56.559986,18.033918,-10.168704,14.279277,-49.181168,21.800755,-4.8759575,15.060388,-41.76313,19.229225,-2.600572,24.712788,-42.892258,51.56471,4.170472,19.43128,-33.45713,34.885384,-3.0731387,12.6170435,-28.87505,21.12381,-1.7858936,5.896633,-13.433078,13.056467,1.4119983,9.133683,-23.220276,25.55119,-3.5127876,7.240027,-21.601492,11.925348,2517.1370967741937,1687.166184868207,554.6875,7031.25,0.027186908,0.034864567,0.0007817768,0.10717837,0.09656943044354839,0.06976435133476697,1278.8218033886828,600.3388840562665
Mariam_Yes_Approve8.WAV.ogg_pitch_up,Mariam,,Pitch Shift +2,16000,-454.3444,92.00109,-635.4458,-228.97952,117.176575,30.834368,61.50522,183.02551,4.6901298,26.72929,-57.780663,57.239952,-9.528628,25.783781,-66.67966,35.12597,-16.781828,14.135073,-55.01528,9.763201,-8.700806,16.22098,-45.61256,20.72598,-3.3496566,19.256294,-40.799995,34.182137,2.1932526,27.3032,-52.08056,57.987785,2.0113919,13.3103695,-21.382713,29.473494,-5.6195564,9.8931055,-28.544537,12.055711,1.3066143,10.01797,-18.495722,25.4075,-2.560172,5.9235077,-12.81753,9.470574,-0.69014066,8.328225,-15.1979265,18.85598,2445.438508064516,1364.5376768834815,679.6875,6539.0625,0.017836679,0.02151813,0.00062523177,0.068847306,0.08694556451612903,0.02587264535371665,1266.7366856884423,432.214337811462
Mariam_Yes_Approve8.WAV.ogg_time_stretch,Mariam,,Time Stretch 1.1x,16000,-456.79706,94.52178,-635.9831,-215.28462,115.00487,32.758297,46.638977,194.11429,13.901696,24.745682,-50.048485,67.0513,-3.0157835,25.296062,-52.614704,44.034798,-13.330718,14.78303,-49.881195,15.069546,-9.658349,13.731063,-45.83421,16.878685,-4.801554,14.864339,-38.648705,21.714588,-1.2320375,26.346369,-47.44561,51.429382,6.007153,19.773815,-37.26484,35.40805,-1.2921138,10.941099,-28.853415,22.533554,-2.4885588,5.2584357,-14.4712,11.195372,1.1066724,7.173237,-19.339779,21.828667,-2.77956,7.831579,-18.040638,14.827707,2458.3333333333335,1486.4880889029323,640.625,6820.3125,0.02187442,0.028228285,0.0007579606,0.08395338,0.08770216557017543,0.04061150107891662,1262.2693471929545,511.9567197710719
Mariam_Yes_Approve8.WAV.ogg_noise,Mariam,,Background Noise,16000,-152.47461,33.98835,-221.92078,-34.09787,28.695017,31.760515,-5.0869865,128.68909,13.4037485,14.67734,-8.415124,47.84369,0.18690248,9.993296,-22.477951,20.104721,-4.3898025,9.566368,-26.012638,12.11949,-5.8021026,9.030132,-35.14691,6.898961,-5.0655975,10.968054,-37.003906,12.193697,-3.4986544,12.036164,-25.827682,22.729115,-1.5802972,11.130523,-23.51096,26.109478,-1.0943296,7.5438805,-17.24657,17.651846,-1.6561562,5.1007657,-11.457123,13.972548,-1.6518426,4.487534,-11.997095,8.434242,-0.8552697,4.5549264,-11.718925,8.850761,5960.811491935484,1352.9518747500256,1570.3125,6890.625,0.09550746,0.11096033,0.012205467,0.35317323,0.3282116305443548,0.1295525844759701,3122.950914829128,965.0181812213244
Mariam_Yes_Approve9.WAV.ogg_original,Mariam,,Original,16000,-388.23724,93.5714,-594.81885,-237.16766,105.15656,57.97888,0.041969955,200.89772,36.54057,29.322779,-11.154867,104.001114,11.851241,21.980251,-44.285606,51.009865,-8.810103,15.4961,-40.907913,36.824013,-6.774145,19.941195,-54.47178,21.802544,-5.7027507,17.905214,-37.690727,36.191093,-11.584113,14.877039,-37.81731,22.4323,-4.0560937,9.775275,-23.176731,13.522022,-6.651809,8.114773,-19.326698,9.96558,-1.3655986,6.91843,-14.256278,13.424162,0.8654351,7.89831,-13.6781435,17.660456,0.6516393,8.509829,-11.699114,22.546074,3153.6458333333335,2490.024833665233,609.375,7468.75,0.041945457,0.033284765,0.0005146153,0.102413364,0.15074573863636365,0.12040832815015205,1676.0176168589621,1196.4945233161714
Mariam_Yes_Approve9.WAV.ogg_pitch_up,Mariam,,Pitch Shift +2,16000,-399.39993,86.96259,-561.2014,-257.95776,111.279655,49.5661,17.176254,191.16335,25.527,25.616936,-26.973013,87.486694,1.8807614,20.75744,-43.311996,28.657202,-14.012318,15.042098,-49.256374,10.007649,-4.756272,22.404747,-51.318325,31.080538,-12.516028,12.813473,-38.152435,12.764129,-8.1232395,13.478673,-32.949997,15.861176,-4.652444,9.494755,-29.223034,13.851996,-2.3860242,8.087695,-18.6666,10.226398,-0.46259266,10.830956,-21.598755,20.193203,0.0073581752,5.7064004,-11.480303,11.020689,-7.272986,8.010967,-25.025528,10.452225,2908.617424242424,2138.8326839523024,515.625,6468.75,0.035286106,0.028131885,0.00086311233,0.08753017,0.12088660037878787,0.09614035866192619,1466.9862495901416,886.4458066604749
Mariam_Yes_Approve9.WAV.ogg_time_stretch,Mariam,,Time Stretch 1.1x,16000,-401.20157,93.53867,-587.43414,-247.22786,107.56822,53.674088,20.432419,197.1193,36.57737,25.406713,-17.788063,96.09966,10.545272,20.836012,-40.33538,41.432457,-8.410575,11.56093,-29.764389,17.419403,-6.160126,21.160084,-53.523,23.388777,-7.1401343,17.510342,-36.407715,27.657375,-12.052222,12.465682,-37.060463,11.570946,-4.618792,9.353743,-21.139584,13.069923,-6.899135,8.791398,-23.056675,9.456248,-1.2769655,7.470964,-13.508891,11.045269,2.0256605,8.539908,-13.437475,20.495605,1.5876588,7.866784,-11.010731,20.177986,3068.4895833333335,2510.2108237056077,656.25,7343.75,0.03404184,0.024809437,0.00084159255,0.06835673,0.12727864583333334,0.10081238836492623,1603.8737169986575,1095.6635706777638
Mariam_Yes_Approve9.WAV.ogg_noise,Mariam,,Background Noise,16000,-122.69905,40.3122,-213.64572,-41.538235,43.284367,39.224125,-12.497738,118.89728,24.953678,17.78339,-3.0695558,56.97185,4.4716544,9.790388,-23.2724,23.460442,-2.69528,10.552833,-22.531494,22.164526,-6.0287657,13.2429495,-37.382507,9.181425,-6.960009,12.784726,-34.285923,10.270443,-6.631238,10.300657,-32.73062,9.0520935,-4.469011,7.5576715,-23.928892,9.803007,-3.258122,6.397283,-15.115686,8.6898985,-1.5037357,4.523041,-9.297599,6.1110096,0.25995803,5.7192993,-11.733353,13.240703,-0.9382307,4.2984824,-8.166144,7.008336,5452.17803030303,1594.1732457253981,1812.5,7273.4375,0.16992259,0.12697858,0.01412454,0.40486357,0.2774029356060606,0.14400646253373756,2728.003520274216,1133.5014545881015
Mariam_Yes_Approve4.WAV.ogg_original,Mariam,,Original,16000,-434.24133,80.96974,-549.8267,-263.1219,107.070076,45.695446,-24.59084,193.71494,32.168888,36.58677,-27.520855,121.1214,16.452665,20.555822,-23.4509,70.620834,-1.6893973,19.255503,-52.42014,44.705467,-3.6573374,13.825692,-32.712612,30.66277,-5.906407,12.105979,-39.423836,18.685362,-6.806788,20.414059,-53.22871,40.494423,2.6703365,14.811519,-31.178246,27.189137,5.5834556,12.022384,-15.18964,36.85463,2.9908051,7.6374316,-13.252211,19.082363,2.3004396,9.96187,-19.841621,23.424957,-0.27087432,9.122814,-21.583683,21.025444,2820.4627403846152,1941.9841453297402,671.875,6656.25,0.023870336,0.032540012,0.0016250401,0.11512167,0.10049203725961539,0.0732801157842801,1392.5685948995115,833.2182415683814
Mariam_Yes_Approve4.WAV.ogg_pitch_up,Mariam,,Pitch Shift +2,16000,-457.92722,79.33317,-592.7288,-279.27118,113.852875,45.692883,3.3705688,192.38376,27.772959,33.704372,-26.073643,112.27292,10.834799,19.547756,-29.931004,59.63961,-7.069817,20.501446,-55.951454,27.139935,-4.4431996,12.768814,-28.325844,21.53545,-7.658595,14.402452,-34.683697,21.249287,-1.6945897,20.393902,-50.2984,34.908722,8.326827,12.734495,-11.743504,40.918484,4.044692,9.428655,-18.762978,24.261887,0.9663052,9.274726,-13.764355,26.400398,1.2392526,8.479612,-19.577578,16.946228,0.98317266,11.098257,-23.726097,18.10976,2779.4471153846152,1817.5755615056403,789.0625,6132.8125,0.013686368,0.015555997,0.0010845588,0.05043973,0.09459510216346154,0.08138752620381841,1409.9864353651176,791.1499808266991
Mariam_Yes_Approve4.WAV.ogg_time_stretch,Mariam,,Time Stretch 1.1x,16000,-451.32965,80.15304,-573.98474,-284.35782,104.669785,45.56686,0.41476813,195.4117,32.63036,33.664886,-17.733181,118.89015,14.904965,20.463957,-24.600086,66.92139,-2.1163278,17.439991,-41.04689,36.379852,-1.3322737,12.836288,-28.190601,26.04862,-6.216899,10.425778,-36.138733,13.169638,-7.6068935,20.320803,-44.531548,38.60723,3.5021122,16.750994,-36.74317,33.878666,6.327622,10.965538,-10.02869,30.102364,1.9976249,6.6381364,-12.065174,15.44006,1.2642055,9.496784,-19.079697,26.160297,-1.0276371,9.040654,-22.626638,14.193157,2892.785904255319,1956.3263007154826,671.875,6585.9375,0.020803684,0.027591193,0.00095801783,0.09842473,0.09605634973404255,0.08779301278622856,1379.458189939532,777.4800501464828
Mariam_Yes_Approve4.WAV.ogg_noise,Mariam,,Background Noise,16000,-131.26537,28.62472,-180.4243,-44.670307,27.585466,27.769249,-13.031031,111.944336,16.526888,10.507511,-0.8446621,46.76198,7.72436,10.079977,-25.263168,35.10813,1.8578633,11.231916,-28.63103,26.32518,-0.033388138,9.466286,-34.088764,18.152893,-3.1717772,9.729499,-29.959179,14.442822,-4.173553,11.810614,-34.371544,13.388781,-1.2376962,10.053545,-27.034025,15.500172,1.1435518,5.925014,-12.258657,12.071144,1.9601264,5.199031,-9.358968,10.043422,1.2936734,6.585623,-17.88098,17.092014,0.23842369,6.852061,-16.851269,17.707935,6062.349759615385,1099.5996244194428,2906.25,6828.125,0.10630601,0.13199952,0.016958235,0.48068032,0.31981482872596156,0.12254461978894358,3131.673451231934,879.605521292514
Noella_Yes_Approve3.WAV.ogg_original,Noella,,Original,16000,-549.54407,132.48318,-789.5211,-332.7349,48.458614,56.2306,-41.592148,164.70209,30.590149,34.026554,-10.974269,113.52663,-14.55776,23.458994,-61.4195,19.597267,2.8787656,15.042399,-18.941023,37.89396,-1.414314,9.382635,-17.486107,27.815311,-4.6063375,7.8726254,-21.092548,11.779378,-6.190277,11.071593,-26.565628,16.470078,-5.2166157,6.4503646,-19.584667,9.648462,-2.9713151,8.725481,-16.80528,16.200249,-5.9623876,5.52906,-17.29959,2.8394492,-4.7747126,6.779432,-17.11625,5.0377855,-4.409143,7.793252,-26.542809,11.588745,5103.515625,2395.01406607748,734.375,7804.6875,0.006964959,0.006023811,2.3360155e-06,0.019563224,0.211083984375,0.22142847287487877,3006.2018720362116,1807.5647854821048
Noella_Yes_Approve3.WAV.ogg_pitch_up,Noella,,Pitch Shift +2,16000,-574.8379,118.25076,-798.9745,-383.65015,51.641468,49.101013,-14.913441,159.13455,25.732029,30.301579,-13.949552,93.30613,-16.746424,20.77298,-56.484516,15.343361,5.6922255,18.236425,-27.522099,39.971016,-3.587841,10.518195,-21.443008,18.35295,-8.326376,10.987135,-27.263054,17.195515,-7.151105,7.3577294,-25.385899,5.059884,-6.650946,7.0910635,-20.90291,6.4461603,-2.6400712,6.4787397,-17.456839,8.525877,-10.272687,7.088753,-23.579033,3.4640274,-3.5928988,7.067381,-17.721468,11.479023,-9.126472,6.7748303,-22.773422,4.231822,5039.6484375,2207.368190195601,976.5625,7492.1875,0.0041533937,0.0039845863,1.7664598e-06,0.01572173,0.29681396484375,0.22811967993764398,2894.6592731665623,1702.165149838997
Noella_Yes_Approve3.WAV.ogg_time_stretch,Noella,,Time Stretch 1.1x,16000,-567.53503,130.66304,-806.29956,-376.8925,45.39738,52.88373,-41.460205,160.21576,35.339752,34.627327,-3.049734,112.729065,-18.582922,23.390024,-60.004013,15.599025,4.9718657,14.304492,-17.770355,38.657738,-1.9413116,9.855362,-16.038366,20.735594,-5.629325,8.556034,-23.159897,9.398188,-7.917878,10.485013,-27.272787,8.16564,-6.506695,5.3623443,-20.147041,1.44521,-2.5971303,7.8909783,-16.739674,13.6835,-7.6937914,6.0673523,-21.14498,0.0,-4.7511797,6.353357,-18.361664,4.666389,-5.8488646,9.365958,-23.011219,10.946787,5316.511824324324,2271.150082207626,914.0625,7726.5625,0.0051672533,0.004183827,2.5216111e-06,0.014982416,0.30340741131756754,0.2266082106454711,3069.088702296698,1802.678121327405
Noella_Yes_Approve3.WAV.ogg_noise,Noella,,Background Noise,16000,-10.09709,12.9016485,-57.3606,10.954465,4.299092,14.620804,-22.795185,36.87221,6.826522,8.476081,-5.614907,23.007778,1.0411284,6.450309,-14.070671,13.285999,3.73891,4.8506627,-3.3325908,17.388123,-1.7086475,3.9040368,-11.005275,8.088622,-1.9306657,3.5020483,-8.385017,5.460662,-2.7248657,3.6566076,-11.372541,4.9136424,-2.322167,3.7011037,-9.202031,7.849018,-2.1593463,3.9655535,-10.415422,7.926934,-2.6451366,4.091995,-10.183819,5.5068235,-3.5689979,4.311576,-13.111765,5.2127,-3.3965034,4.330077,-12.146612,8.471373,6750.9765625,360.9771838810797,6187.5,7679.6875,0.1638984,0.08004371,0.06270285,0.35257557,0.40120849609375,0.1457011690596543,3824.487208972771,619.1552248219438
Noella_Yes_Approve4.WAV.ogg_original,Noella,,Original,16000,-523.0597,110.59895,-744.28754,-352.1881,61.746902,69.39001,-49.542385,211.52637,30.767952,34.81922,-9.151753,120.04135,-19.070246,26.811834,-71.262344,24.567558,-3.1191936,17.240892,-36.31305,33.06936,0.9157086,8.791464,-18.90527,25.693588,-8.519075,9.908078,-30.720398,3.8166394,-4.493139,11.935519,-25.70631,18.545853,-7.8772373,8.159131,-33.659943,4.1131396,-0.3938961,8.400654,-12.209988,22.870817,-8.004747,6.9585,-24.890356,1.5363054,-5.0083327,7.2866673,-27.5275,8.592571,-6.8030643,8.221808,-22.03066,10.087666,4305.006377551021,2603.724539033766,757.8125,7328.125,0.011042169,0.009284284,2.3360155e-06,0.028365383,0.2015007174744898,0.21178846236980117,2690.871251229109,1803.5826117792385
Noella_Yes_Approve4.WAV.ogg_pitch_up,Noella,,Pitch Shift +2,16000,-546.543,104.747215,-761.70264,-393.40436,63.738235,63.354504,-30.458912,196.0758,23.562654,32.063705,-19.375637,109.592575,-28.576195,29.916069,-83.759705,12.806799,1.9754761,20.0115,-42.519554,46.980255,-3.4558077,11.011848,-28.311325,17.12212,-10.662428,11.986334,-39.309998,9.650341,-7.00562,8.761631,-23.422997,13.30504,-7.3611546,7.7585917,-24.764862,8.633602,-3.4767897,4.6163626,-18.20906,5.2022943,-12.153149,8.258342,-29.100193,0.0,-5.0279446,7.6929727,-23.946201,10.140558,-9.45496,5.8348103,-24.995602,0.0,4468.431122448979,2593.785037482949,718.75,7398.4375,0.0082500195,0.0071013817,1.7726513e-06,0.023157043,0.30067163584183676,0.2396372822375634,2745.307329588236,1865.112675498595
Noella_Yes_Approve4.WAV.ogg_time_stretch,Noella,,Time Stretch 1.1x,16000,-543.2025,114.44994,-775.7981,-402.1011,61.133503,64.523834,-49.2148,196.67714,35.804935,34.95588,0.0,123.17224,-24.634592,31.335485,-89.08078,21.671505,-3.1440568,15.421046,-36.58229,27.88359,0.22527288,8.741181,-14.892591,21.787785,-10.505236,9.453495,-31.546,3.0229554,-4.990486,10.035329,-26.971832,11.4505825,-9.876449,8.52159,-30.197563,3.7887058,0.32718557,8.447312,-14.127038,20.380447,-9.859697,8.577808,-29.242489,0.6597596,-4.859969,6.6561027,-25.087784,6.3799334,-8.358969,8.832244,-25.645748,7.9986076,4575.173611111111,2487.012864567125,632.8125,7210.9375,0.007864323,0.0060929446,2.5414422e-06,0.01839819,0.2643012152777778,0.21177917649726852,2708.202007837078,1733.018697374269
Noella_Yes_Approve4.WAV.ogg_noise,Noella,,Background Noise,16000,-52.77258,19.053244,-102.19825,11.640749,7.6144056,22.268517,-33.668556,77.22026,9.462235,8.934255,-2.6627145,26.962727,-0.4845258,8.136504,-22.059406,11.596767,0.92411625,7.9871936,-22.801912,22.105698,-1.6621642,4.9199915,-12.013371,8.224573,-2.243779,4.772156,-15.749416,6.404145,-1.2419859,5.2374988,-15.781551,7.571803,-3.1250007,4.076223,-12.943254,3.6596127,-0.8720092,5.6304173,-8.824654,15.523113,-3.4173326,3.92825,-13.498426,3.1426394,-1.9511592,4.936222,-11.677586,12.78503,-4.4323606,3.8922122,-10.359989,4.5422554,6542.570153061224,383.711334228493,5078.125,7164.0625,0.14214236,0.08365302,0.03918903,0.31259337,0.37967354910714285,0.1837596599174512,3698.1318340962175,778.55781017206
Mariam_Yes_Approve1.WAV.ogg_original,Mariam,,Original,16000,-444.66235,105.92407,-596.3913,-197.73334,105.8638,52.153477,5.689337,206.32547,29.569927,36.65161,-42.929512,119.62366,0.88868153,22.29131,-67.97218,27.248363,5.154476,16.37136,-16.418726,47.385162,-4.1349044,14.230354,-37.355736,19.04665,-9.050158,11.608651,-33.271866,18.931036,-7.654032,16.27412,-44.55133,24.842422,-6.5410256,14.228537,-37.871086,28.414066,-6.3558407,10.607916,-36.58857,12.808918,0.30726025,7.899789,-18.654636,23.819511,-4.3803606,7.6160197,-21.343813,9.550874,-5.0181003,10.497269,-24.552376,20.097803,2812.5,2322.885446009039,593.75,7703.125,0.03275375,0.03607735,0.00056646165,0.11651986,0.11187619579081633,0.08078016516606022,1467.831057370567,1049.9691144231424
Mariam_Yes_Approve1.WAV.ogg_pitch_up,Mariam,,Pitch Shift +2,16000,-462.33408,107.672775,-617.07074,-230.61333,116.31772,38.660076,39.268578,181.13638,18.695393,38.68611,-52.746666,76.63797,-3.3546007,22.753876,-69.593506,23.87387,0.6331165,17.049633,-26.296463,35.594147,-10.301448,10.742563,-31.92927,11.641464,-13.176225,14.074634,-35.855957,18.17673,-6.5873804,17.746578,-50.359062,29.641876,-8.275904,11.268477,-29.61437,14.723396,-2.0526667,8.974495,-19.492317,16.330082,-2.2742732,7.957472,-19.514946,11.571356,-7.421507,13.062472,-31.624418,15.864006,-1.8871511,12.749419,-23.029762,23.839794,2492.3469387755104,1861.8336151666745,656.25,6679.6875,0.017780116,0.017139748,0.00053734425,0.055170793,0.08821946747448979,0.043437084257628614,1247.2412562732807,614.0756137745516
Mariam_Yes_Approve1.WAV.ogg_time_stretch,Mariam,,Time Stretch 1.1x,16000,-466.0257,112.59217,-630.9301,-241.65115,115.60914,39.80069,38.53956,199.26894,29.598354,33.840538,-38.51886,80.08448,-2.151972,26.396812,-78.20447,26.74995,4.4673533,12.7816725,-14.383186,41.34677,-6.5393763,13.496408,-35.54456,22.359558,-10.5480175,10.120237,-36.850178,9.1339445,-9.390048,14.648446,-42.776566,17.124254,-8.303639,14.594095,-41.821106,24.367535,-7.781152,9.363874,-30.708622,13.619474,0.9285594,8.163474,-15.418238,20.416382,-3.7481809,7.494134,-21.633385,10.303574,-5.4285064,10.835862,-21.80368,16.864552,2742.7083333333335,2095.588563614382,593.75,7093.75,0.017533386,0.016056834,0.0006172809,0.052590307,0.08206380208333333,0.047936786352861034,1315.2636347875962,702.4931041021201
Mariam_Yes_Approve1.WAV.ogg_noise,Mariam,,Background Noise,16000,-150.27968,40.56118,-222.60054,-22.452158,30.27884,35.949406,-5.2927628,141.55772,12.368583,12.957124,-6.6003838,56.944614,0.5361052,12.240768,-42.527565,14.208723,1.9148366,6.3611655,-14.611969,25.249779,-0.6947706,5.821773,-19.479513,12.602689,-5.0281935,7.1727104,-22.346785,8.497224,-6.389748,10.14621,-38.638428,6.9709888,-6.648402,9.785197,-37.67205,12.868085,-3.6327667,6.5618677,-20.156357,9.097769,-1.207001,5.6450486,-15.9388895,8.947353,-2.6502686,6.467833,-16.970104,10.763937,-4.008191,7.216744,-16.382408,13.594914,5843.1122448979595,1463.860181470888,1578.125,7492.1875,0.11208796,0.113378555,0.011777272,0.37974668,0.30725845025510207,0.15145773756843434,3046.5983038103145,1034.507625801575
Mariam_Yes_APpprove1.WAV.ogg_original,Mariam,,Original,16000,-413.6611,123.12655,-603.5256,-130.16557,124.81977,35.778584,31.418077,207.67706,32.213078,39.586243,-40.89897,161.1099,20.314085,20.780928,-30.795021,69.00791,-3.1478114,17.483252,-47.50251,44.13185,-12.988804,13.654404,-55.473793,12.685804,-24.002087,14.086013,-56.939583,3.0624237,-21.27745,14.607893,-54.810463,8.642012,-7.4788804,14.860364,-36.111618,31.396801,-3.917956,9.493161,-24.4207,21.135677,1.0504225,7.2880073,-11.820751,21.364979,1.4396724,7.690789,-11.81888,17.987045,2.883531,10.805526,-16.224922,20.10807,2114.4153225806454,1686.8710656714975,484.375,7210.9375,0.03379857,0.034614418,0.00087442494,0.1073693,0.07144657258064516,0.046991656292740665,1108.0069556625515,643.3019441518828
Mariam_Yes_APpprove1.WAV.ogg_pitch_up,Mariam,,Pitch Shift +2,16000,-427.79587,124.82043,-624.2001,-172.65366,130.89575,26.559254,76.47837,191.17645,25.27255,33.245373,-32.546104,77.048615,13.827551,19.28374,-35.76768,62.572006,-11.878945,16.422323,-48.95636,37.080475,-21.577957,13.990058,-48.907467,0.3971923,-29.515713,11.503783,-48.68117,-2.547418,-12.199055,16.167059,-56.32053,15.968887,-2.853025,12.196577,-22.874054,23.76978,-0.22523318,7.4800816,-14.648333,17.472322,1.882035,8.172374,-13.267061,20.17815,2.555512,13.199533,-20.974983,28.899872,3.9415798,11.187004,-15.955768,29.674942,1968.3719758064517,1475.7918678718354,601.5625,6585.9375,0.023168253,0.022572469,0.0006657362,0.07398979,0.06547694052419355,0.02665391709338451,1039.5415290163967,433.1867386422368
Mariam_Yes_APpprove1.WAV.ogg_time_stretch,Mariam,,Time Stretch 1.1x,16000,-429.18686,124.39833,-603.5013,-177.28822,128.61583,27.131094,77.69642,184.9112,30.360592,33.127163,-32.701767,101.12334,18.28034,19.750032,-24.21349,62.34794,-2.1079507,13.956257,-26.64389,38.57769,-13.991636,10.857066,-43.73552,9.171403,-26.62404,12.42053,-53.135326,0.96373713,-22.484379,13.538912,-55.70365,-2.6465688,-7.6510625,15.246149,-39.15013,21.522083,-2.9043772,10.2633705,-20.992165,27.941483,1.7786838,7.6360564,-11.074728,20.088697,2.1342986,8.672967,-10.996298,21.651186,4.0921545,11.233243,-15.015752,24.18259,1956.8917410714287,1549.2638249192917,539.0625,6789.0625,0.019666323,0.017811999,0.0010384658,0.060977247,0.06267438616071429,0.019628756279807716,1047.7671418080113,466.79884224029877
Mariam_Yes_APpprove1.WAV.ogg_noise,Mariam,,Background Noise,16000,-149.99347,47.363605,-227.8576,-10.8091345,42.30142,34.538094,-6.879098,132.23685,21.314596,17.8795,-2.841013,92.020355,6.359776,9.032385,-7.6360893,24.783352,1.6984437,9.05118,-11.522509,30.196802,-6.8528423,9.923616,-36.73929,14.764198,-14.870103,10.937939,-37.95407,10.034567,-14.40916,11.522869,-43.29947,10.714386,-8.492129,10.947757,-35.24018,17.494076,-3.4844313,7.927748,-15.416609,19.632618,0.284593,5.6327205,-9.770803,13.121302,2.5167077,4.6652417,-6.21797,12.761494,3.4909585,7.0930786,-13.753489,17.05843,5658.518145161291,1525.4131801779054,1664.0625,7101.5625,0.09938384,0.09631654,0.0110928435,0.3058348,0.2235619329637097,0.1300317649858671,2805.5295291147545,918.1999744565758
Mariam_Yes_Approve7.WAV.ogg_original,Mariam,,Original,16000,-390.43655,109.83109,-579.56537,-178.24261,99.7968,46.1568,-11.260145,180.387,32.16754,29.972347,-16.001286,88.81259,12.103057,23.045305,-61.030117,42.242886,-2.9303071,15.540354,-32.87652,26.94952,-4.5342355,21.765814,-54.474968,46.461815,-8.191599,17.596033,-47.453835,25.48375,-15.487606,17.157848,-50.721073,5.6490183,-11.1717,14.152279,-47.357567,13.908527,-3.5673187,9.758032,-25.249542,21.196417,0.9974454,9.096459,-16.463099,27.88692,-0.31830177,9.400007,-13.549978,19.0659,-3.0563426,10.127461,-19.648693,21.986069,3120.4578488372094,2056.5302913740006,671.875,7468.75,0.055474047,0.055975005,0.001078789,0.16583125,0.11746002906976744,0.11803027025211561,1462.2785168174348,985.0305520656007
Mariam_Yes_Approve7.WAV.ogg_pitch_up,Mariam,,Pitch Shift +2,16000,-400.5988,103.71287,-578.181,-222.77618,106.664116,38.36149,30.58754,175.4885,27.833843,27.936335,-17.035692,76.599365,4.05922,24.640305,-67.661316,31.103628,-6.416632,17.595074,-57.10412,19.205584,-8.0340395,23.852587,-55.270874,34.590134,-17.955065,12.142613,-42.021107,1.4267728,-16.25516,20.871403,-63.5554,7.1229963,-5.5662847,10.604808,-26.510777,16.792889,3.163227,8.924614,-13.80944,23.58495,-0.84942806,10.698226,-20.140854,16.329765,-4.3711343,10.600148,-27.587307,23.331423,-6.003889,9.459757,-20.429272,12.749104,2890.4433139534885,2016.9840100698702,578.125,6898.4375,0.043794002,0.04214779,0.0010044499,0.12561026,0.07989643895348837,0.03629006809948226,1296.983825724998,666.5540499528272
Mariam_Yes_Approve7.WAV.ogg_time_stretch,Mariam,,Time Stretch 1.1x,16000,-412.0004,114.71806,-625.821,-209.48343,105.57698,38.551872,32.746372,163.7562,31.267147,28.43109,-24.25676,83.069984,9.346503,27.20698,-70.74315,37.41826,-3.4073975,13.790015,-29.565277,15.341783,-3.7586575,23.769728,-51.706276,47.431114,-9.544283,17.883535,-45.264687,22.987411,-17.710155,16.05867,-47.195892,3.8125846,-12.368889,12.5771055,-41.947956,7.478693,-3.2793858,8.259568,-23.20464,13.903536,1.3270054,7.1400576,-9.68924,21.54917,-0.12759447,9.254036,-13.985383,18.339321,-2.7710915,9.787102,-17.83688,17.897175,3124.4140625,2114.2250286141852,687.5,7164.0625,0.03304904,0.03162335,0.0008640592,0.098254226,0.08492431640625,0.04965827364246084,1412.8001953610612,783.8635216432585
Mariam_Yes_Approve7.WAV.ogg_noise,Mariam,,Background Noise,16000,-176.93233,45.02555,-254.53789,-71.24757,38.750732,38.521744,-11.062157,123.64313,21.193007,14.759439,-0.82642704,59.333973,3.1014872,12.403931,-34.913067,21.321337,0.2548534,10.560084,-23.456036,20.557896,-3.4458241,15.002511,-49.42733,22.82751,-8.048146,14.973702,-43.690964,10.033453,-9.628652,13.054137,-37.86244,6.837654,-7.712931,11.479204,-37.87468,11.238524,-3.8009295,8.155926,-19.404198,15.785105,-1.1574109,6.427365,-12.8727255,18.51926,-1.5590675,5.682352,-13.259586,14.258739,-3.3114266,6.4069448,-19.542,10.997627,5327.9433139534885,1960.495170083604,1007.8125,7414.0625,0.12651631,0.12272308,0.008370001,0.37045828,0.3040515988372093,0.1421397843888788,2818.316308241606,1204.1915481581395
Mariam_Confirm_Transaction3.WAV.ogg_original,Mariam,,Original,16000,-368.3271,66.965324,-541.18146,-259.25818,90.13063,51.6889,-62.20716,161.42162,6.335628,27.10035,-37.84884,88.25476,20.699162,27.526423,-50.20826,71.40737,-26.06038,17.208225,-68.87955,14.367474,-1.054459,14.155913,-28.45782,41.496483,-9.759966,18.490297,-62.309204,28.804115,-17.80286,11.503284,-41.96631,8.942482,3.03673,11.042184,-18.126812,27.303722,-14.631854,11.219238,-36.28443,7.6027546,-8.103748,7.8087797,-22.807583,8.986238,-10.324894,10.449523,-21.85263,21.530285,-8.956833,6.998992,-27.425457,2.5283053,2465.5106707317073,1721.09386297108,507.8125,5781.25,0.043556847,0.02371788,0.0011682841,0.08067504,0.14094655106707318,0.09856950839747565,1422.3157005654725,957.6514326031214
Mariam_Confirm_Transaction3.WAV.ogg_pitch_up,Mariam,,Pitch Shift +2,16000,-384.40054,60.530632,-552.7106,-295.05496,87.08753,38.864857,-28.468307,142.28003,6.9719954,22.39426,-40.07968,57.415993,7.6033845,30.298988,-59.743805,60.661682,-35.0956,14.429865,-73.644646,-9.325857,0.9762173,15.682832,-29.23237,31.89478,-23.357971,13.758448,-57.688915,6.6404285,-8.252844,9.674872,-30.388603,11.276217,-5.571096,7.758968,-20.87498,15.512862,-15.980768,10.113196,-34.697205,0.42100906,-8.90082,8.526972,-25.835314,7.6170273,-9.71836,6.007626,-27.257217,-0.42348072,-9.350184,7.660317,-24.813314,3.2722535,2724.2759146341464,1563.217483804535,562.5,5632.8125,0.027359081,0.01350277,0.0021200976,0.05529954,0.10157440929878049,0.07793649309881981,1439.576689742677,793.5141707847746
Mariam_Confirm_Transaction3.WAV.ogg_time_stretch,Mariam,,Time Stretch 1.1x,16000,-376.32285,56.91654,-527.2564,-291.26923,91.36732,36.446186,-25.664057,143.99557,10.233057,22.624304,-19.74205,71.58014,16.108318,28.09587,-51.43097,62.528965,-30.338402,13.874424,-62.963703,-4.6788235,-3.6179397,11.716164,-24.085136,21.295616,-13.591165,16.683136,-57.234543,21.837187,-17.347794,8.716316,-30.936228,5.3842835,1.6957105,9.582159,-15.087948,26.01857,-11.918672,10.187584,-35.32534,7.52526,-10.00124,8.631572,-26.648865,8.68728,-8.016506,7.0309596,-20.26752,12.191111,-7.3562474,6.5008135,-21.074707,4.294464,2749.1554054054054,1447.463797700966,515.625,5398.4375,0.028411472,0.020285103,0.0022668433,0.081294075,0.09269425675675676,0.07325604400822837,1420.5356599186975,701.0783759176473
Mariam_Confirm_Transaction3.WAV.ogg_noise,Mariam,,Background Noise,16000,-100.29819,27.685135,-158.23642,-44.05333,34.842487,27.386383,-24.140924,86.65444,16.917463,9.60172,-1.6989458,45.515495,5.000177,11.891677,-19.37397,23.095722,-8.986464,11.639842,-37.09838,9.966124,-5.6921344,12.0760765,-31.369246,16.966957,-7.285151,10.127147,-36.614716,5.2460675,-8.893931,6.515351,-23.221256,2.3131893,-3.5396986,6.420447,-13.579187,14.741222,-6.274337,4.9508348,-15.181637,8.445499,-9.022599,4.5415597,-20.429295,2.1337228,-5.5282784,5.9976525,-16.170095,11.864085,-7.157346,4.5491815,-16.54718,4.858963,5502.667682926829,867.4314192156617,3632.8125,6796.875,0.21674052,0.114478484,0.01934283,0.39718416,0.20724561737804878,0.12630465873910315,2543.907219849796,823.4615561942787
Mariam_Confirm_Transaction7.WAV.ogg_original,Mariam,,Original,16000,-364.43918,90.67207,-652.43256,-233.22514,108.25351,59.993114,-79.24701,198.47751,5.228264,34.804356,-68.336136,109.850876,14.523152,26.17034,-29.935795,67.416885,-26.122879,14.1007595,-51.959694,6.241785,-6.0067253,13.654287,-33.318314,26.315575,-15.01233,16.664951,-60.085815,19.589981,-16.906082,12.989972,-43.371616,20.20013,-0.49815336,9.667768,-20.539091,20.602371,-11.492798,10.006792,-28.955093,7.9204187,-3.0235176,10.25567,-23.228992,22.633413,-3.5546138,9.479798,-23.372086,21.732578,-8.258833,6.86251,-27.651129,7.464467,2278.80859375,1571.759798493769,578.125,5968.75,0.03812954,0.022002213,0.0005496098,0.070948586,0.10657755533854167,0.08486773992916205,1358.3335941641437,907.9166088628061
Mariam_Confirm_Transaction7.WAV.ogg_pitch_up,Mariam,,Pitch Shift +2,16000,-375.14917,87.93284,-634.02136,-256.7651,101.27493,48.2587,-44.919476,178.96062,1.5272344,34.191547,-68.51329,65.11117,0.95288914,22.943405,-57.098625,49.338432,-32.07717,15.841695,-64.9276,-0.7786461,-1.148295,13.907141,-29.067263,30.648891,-24.468224,18.497507,-64.30933,22.523645,-6.9728703,10.464839,-29.720432,19.753124,-5.1143746,7.8982263,-25.614548,10.916384,-9.857444,9.815336,-28.042261,15.483733,-3.635794,9.592957,-25.112186,14.155752,-8.561954,8.064278,-24.94545,7.854873,-10.951103,7.5675673,-29.654501,5.5021534,2723.6328125,1553.4074839846892,796.875,5703.125,0.027475467,0.01639866,0.0007921566,0.062503755,0.09668986002604167,0.08862094450466161,1446.6238945194534,829.255400976511
Mariam_Confirm_Transaction7.WAV.ogg_time_stretch,Mariam,,Time Stretch 1.1x,16000,-372.6111,88.74261,-647.44086,-257.25858,103.67082,50.789368,-42.876373,186.46162,7.775441,30.800104,-54.872505,69.237206,11.031726,23.865011,-34.16098,51.24676,-28.832172,11.986895,-54.075264,-4.992587,-3.7846558,14.260448,-30.125679,28.544403,-17.017397,16.371832,-59.125854,14.35139,-16.943113,10.910976,-37.141613,14.419593,-2.8085983,7.476754,-20.705544,13.194908,-11.591718,7.84584,-21.671955,2.8672237,-5.4332085,10.287143,-25.01408,17.278292,-2.670503,7.72486,-15.334607,16.91645,-7.909213,7.7097793,-26.562744,6.934025,2609.0116279069766,1518.420717680786,671.875,5476.5625,0.028475547,0.016726928,0.0006022291,0.06773917,0.09557821584302326,0.08412363314428582,1399.95739073886,830.6504509107441
Mariam_Confirm_Transaction7.WAV.ogg_noise,Mariam,,Background Noise,16000,-82.55395,35.622017,-176.48195,0.72452927,38.119946,33.645584,-49.896446,109.32758,15.382857,12.4238405,-17.126099,40.97633,2.8095634,15.349984,-36.335037,34.39396,-10.7267885,10.098711,-33.352093,2.7205386,-6.5907874,10.248762,-34.554092,20.036245,-11.2780905,10.354166,-36.587082,6.2318983,-11.544629,7.55456,-35.44964,6.106184,-4.4586773,6.492287,-13.887091,17.508957,-5.692595,6.464947,-18.098843,8.482431,-4.90869,6.082554,-17.600819,9.9063015,-2.5018716,7.318422,-13.350111,20.509548,-3.5326612,4.395381,-14.854798,6.635152,5431.640625,1077.8920387272988,2757.8125,6882.8125,0.20927763,0.11413672,0.019183563,0.38250092,0.20832316080729166,0.1224289364892373,2622.9954336131996,858.0320845207157
Noella_Confirm_Transaction3.WAV.ogg_original,Noella,,Original,16000,-496.4473,107.79972,-700.7142,-276.18817,62.543602,52.607796,-24.392246,147.98532,20.933878,27.20926,-9.020561,103.32541,-17.94125,21.108698,-73.14206,18.714302,-5.7894197,13.769783,-41.08703,18.544483,5.3528447,11.570895,-19.822754,37.795135,-1.7786689,10.424908,-28.641018,17.233257,-7.9648275,8.80484,-33.09867,1.7425656,-1.6528169,6.7859526,-16.443317,12.840216,-5.2370114,9.984398,-28.432093,18.45642,-7.390963,7.5360155,-24.055634,10.531567,-10.076188,9.778751,-35.33521,8.293005,-4.9076223,6.8712654,-15.872015,19.031078,4560.908564814815,2585.31211825595,296.875,7546.875,0.013119919,0.013650145,2.3360155e-06,0.04490732,0.14993851273148148,0.10815605639802545,2437.1660121827754,1374.905318708762
Noella_Confirm_Transaction3.WAV.ogg_pitch_up,Noella,,Pitch Shift +2,16000,-522.3189,104.282616,-728.8231,-352.3468,62.234993,47.92802,-0.657969,149.30292,15.75389,28.552813,-21.242733,93.41293,-22.502163,20.478586,-60.63772,11.954624,-3.7026541,9.622173,-34.218422,13.480408,8.368306,12.476204,-22.803125,30.254263,-9.845763,12.194713,-38.620308,8.120622,-4.4910774,11.220499,-28.616158,18.176723,-5.439754,9.453509,-28.033726,20.850494,-7.3238087,8.557138,-25.04768,12.251354,-13.180129,8.277413,-32.702713,0.0,-7.82337,8.82506,-23.115036,17.411781,-8.497753,8.73338,-21.112154,15.656197,4530.381944444444,2329.441599402527,578.125,6867.1875,0.010042127,0.010750173,1.7645574e-06,0.037198342,0.1986671730324074,0.1447542944687051,2321.279947263495,1194.6063971928304
Noella_Confirm_Transaction3.WAV.ogg_time_stretch,Noella,,Time Stretch 1.1x,16000,-513.3389,104.92536,-716.813,-351.86432,55.217182,46.34126,-12.4335785,147.78647,26.09501,30.404034,-4.61994,105.586555,-21.001345,18.120634,-54.70691,12.10458,-6.806942,11.964558,-36.33655,14.677181,8.702778,12.292893,-9.390965,41.10054,-1.4887275,11.964693,-33.468853,17.30473,-8.271674,9.704285,-33.529358,3.975288,-2.116106,6.131399,-15.019348,10.709831,-6.0301046,10.417466,-31.373936,14.571308,-8.761932,7.746311,-24.311222,1.6697559,-10.922428,8.6385565,-27.626696,2.6542993,-5.374758,6.6262336,-14.6717825,18.120056,5038.90306122449,2231.031804845395,562.5,7390.625,0.009664051,0.0103757735,2.4995259e-06,0.03715632,0.2022979113520408,0.12885457317743337,2556.931623838776,1195.9917519814999
Noella_Confirm_Transaction3.WAV.ogg_noise,Noella,,Background Noise,16000,-45.756496,16.53781,-102.45373,-1.8296527,8.581296,13.289121,-22.121897,35.38431,7.857419,8.588904,-7.2161613,30.971664,0.7427445,9.1125145,-28.50184,16.20908,-0.2843779,7.2914224,-21.70267,11.129936,1.0790613,4.800513,-10.049515,16.463306,-0.47748315,4.66661,-12.021896,12.08671,-1.3317003,3.6504145,-14.005357,8.01861,-2.3795197,4.214834,-14.4956665,4.916797,-2.97821,5.34922,-15.920902,8.37747,-3.022939,5.5677238,-16.282818,8.087288,-3.6736202,5.673366,-14.677172,6.931047,-3.9350595,6.135643,-15.384988,13.074049,6571.614583333333,301.1004949608732,5851.5625,7039.0625,0.17721283,0.14095563,0.04115088,0.5218692,0.34379521122685186,0.14631278133600714,3539.8565284597416,575.6354113862939
Noella_Confirm_Transaction2.WAV.ogg_original,Noella,,Original,16000,-502.276,114.22749,-714.2306,-308.11652,65.01801,52.012398,-1.2845447,141.65622,29.515463,28.464693,-30.031536,107.88598,-17.800497,23.653349,-69.69977,28.309677,-1.4781094,18.03489,-43.651367,23.035713,4.984254,11.892263,-26.451412,29.154516,-0.44208246,16.35288,-49.688736,21.428856,-9.130649,12.266635,-38.473965,16.49416,0.48663476,9.7761755,-16.408081,26.199842,-6.7294626,11.380878,-22.939493,28.673862,-7.687741,9.299019,-32.321648,9.832838,-16.172556,10.876264,-36.04992,0.0,-6.255776,10.555705,-26.646385,19.797413,4283.253205128205,2793.881862206362,273.4375,7648.4375,0.014857118,0.012609461,2.3360155e-06,0.038667515,0.14275340544871795,0.1376973319920882,2469.1777634401506,1604.9667075823038
Noella_Confirm_Transaction2.WAV.ogg_pitch_up,Noella,,Pitch Shift +2,16000,-534.0603,115.107155,-766.9455,-372.54218,69.530716,42.781895,0.0,137.4455,21.756605,26.627266,-13.417204,81.312454,-18.576767,26.635153,-81.63783,21.987127,0.089314595,16.44403,-40.68948,21.358553,11.300644,10.771643,-12.353393,26.658455,-10.098314,14.285463,-52.520638,1.1984138,-2.059267,14.585478,-27.286867,37.393314,-7.66911,16.106401,-39.295055,30.578686,-8.6060505,12.233066,-30.21347,15.226807,-18.860996,9.021912,-37.808033,0.0,-9.564511,6.072439,-20.168015,0.66032326,-8.537715,6.6559258,-22.982868,1.1125747,4097.9567307692305,2265.794123712136,640.625,6992.1875,0.008279845,0.0066996594,3.0985843e-06,0.02059866,0.1884765625,0.1515278029550705,2103.5854412248373,1250.3032675398156
Noella_Confirm_Transaction2.WAV.ogg_time_stretch,Noella,,Time Stretch 1.1x,16000,-515.4565,107.04634,-715.97296,-366.27094,60.436234,41.977924,0.0,140.65979,36.671917,28.905554,0.0,102.0749,-19.107597,23.540266,-62.65129,26.955118,-3.8595064,18.393303,-36.767647,25.585663,6.5773067,13.624457,-24.030106,33.07599,-2.157114,17.291058,-43.34455,18.946228,-7.81141,14.048932,-37.31637,24.919952,-0.75552654,9.814435,-17.836859,26.901997,-8.128514,11.76824,-23.78524,22.852966,-8.0700035,8.466734,-22.356995,7.5999417,-17.46248,10.019186,-35.953873,0.0,-6.373687,10.574623,-22.438154,20.30676,4769.314236111111,2375.569940088707,289.0625,7656.25,0.011148177,0.010814449,6.6289554e-06,0.037569255,0.19727918836805555,0.138103987211731,2472.27464771959,1368.1916739213343
Noella_Confirm_Transaction2.WAV.ogg_noise,Noella,,Background Noise,16000,-75.84558,15.205013,-131.61884,-43.44276,10.395159,11.174606,-6.6276455,34.560844,10.478592,8.909116,-4.470033,30.432674,2.6224113,7.124676,-20.409204,14.193685,0.24089965,7.717462,-26.386244,9.324863,0.9211907,6.2308254,-22.68353,11.859148,-1.2748803,7.3590603,-24.372156,7.6715403,0.501323,3.1701202,-5.13207,10.300747,-1.8008374,6.2065363,-11.869724,17.38861,-3.6379433,6.8452315,-15.92091,15.943828,-4.4630094,6.134749,-15.348489,8.328119,-7.5256724,5.496579,-18.00177,3.934787,-5.363577,7.0878596,-15.501277,18.65749,6544.471153846154,298.2537665546795,5890.625,7265.625,0.1408497,0.09602929,0.029801026,0.33041042,0.30458733974358976,0.15829128858321373,3506.9084533926007,535.5570960422103
Mariam_Confirm_Transaction4.WAV.ogg_original,Mariam,,Original,16000,-364.37094,61.86046,-493.4609,-247.91118,84.680275,62.443012,-113.802,162.45671,15.253263,37.103577,-47.41372,104.543846,21.341394,28.504522,-33.47397,95.38894,-24.495674,14.954907,-58.933018,-3.1358814,-6.5131345,16.050806,-35.890007,32.65021,-14.961985,22.685516,-48.108597,41.06234,-16.761532,17.666113,-44.40715,23.036213,4.553836,14.220792,-24.842005,33.92375,-16.02919,12.784485,-32.750275,9.763334,-9.950369,10.213593,-29.379436,7.2104096,-7.8699703,8.783605,-27.182268,14.387699,-5.1633577,10.304678,-28.283136,21.81102,2728.4128289473683,1821.6156764829075,523.4375,6242.1875,0.043857373,0.022401413,0.0037395873,0.07400603,0.12467876233552631,0.10547400129103064,1531.6304797707955,1044.9354886551675
Mariam_Confirm_Transaction4.WAV.ogg_pitch_up,Mariam,,Pitch Shift +2,16000,-378.49716,60.6392,-519.82074,-284.65588,79.32329,46.09173,-60.002647,141.85501,17.153992,37.900967,-53.72168,95.63425,8.410744,25.503021,-34.530212,70.34389,-33.90343,16.473278,-62.94349,-0.039931536,-3.754099,13.541421,-32.523567,17.64188,-27.671566,20.802204,-56.545963,37.33635,-6.961879,13.25471,-29.650578,22.196548,-6.2983184,13.795102,-36.347176,23.517159,-17.286066,8.2181,-34.79623,5.943844,-6.776963,9.4621105,-26.310722,10.124231,-4.181324,8.646256,-18.317965,14.413112,-8.537473,9.004504,-24.487787,14.667183,3277.9605263157896,1730.8871991497062,578.125,5945.3125,0.02605839,0.0116674155,0.0013130073,0.04802794,0.12079821134868421,0.11741303485397439,1714.9767682287547,1024.8409797651461
Mariam_Confirm_Transaction4.WAV.ogg_time_stretch,Mariam,,Time Stretch 1.1x,16000,-372.44797,60.946346,-533.8225,-280.78284,81.3568,45.22118,-43.295414,144.05276,22.229198,32.64229,-45.22733,90.54284,16.58662,26.693811,-29.433483,81.22234,-28.854485,15.2713,-59.409683,-6.5111265,-6.466115,14.268666,-34.473854,28.810837,-20.924332,20.640339,-52.082897,38.331867,-16.26279,16.407736,-40.391846,22.662651,1.7063109,10.187809,-19.816666,20.104822,-14.046995,12.417232,-31.393936,13.001538,-12.792782,10.102346,-30.847794,6.9801416,-7.5397477,7.033188,-27.214954,7.670162,-3.2696602,9.850073,-20.355087,21.606785,2967.8571428571427,1597.5409782338854,523.4375,5453.125,0.03401124,0.019607026,0.0016862965,0.07178468,0.09524274553571428,0.09031577457309814,1542.3650889450325,889.6817978184597
Mariam_Confirm_Transaction4.WAV.ogg_noise,Mariam,,Background Noise,16000,-88.23395,23.74846,-134.43608,-31.495888,31.08221,30.724968,-63.882973,84.21983,17.813116,12.146057,-7.3441772,46.440193,4.2344747,13.884993,-24.722984,25.654001,-10.233809,12.274132,-35.943455,5.8398046,-3.8880029,13.124687,-25.532112,34.255054,-10.394956,12.762892,-36.762924,19.942322,-8.626423,10.265492,-29.790451,19.637753,-3.7125626,7.240012,-15.31746,14.186136,-8.969577,6.2314377,-25.41111,3.6994176,-8.021834,7.2304525,-22.322548,7.3374596,-4.596851,6.4489627,-18.873926,10.682981,-5.2228584,5.440934,-18.688852,4.5561056,5510.485197368421,789.3337460354705,3625.0,6765.625,0.23687924,0.117338054,0.031222897,0.39592737,0.21048776726973684,0.14156293700216885,2593.6816959406838,823.8490761024042
Mariam_Confirm_Transaction5.WAV.ogg_original,Mariam,,Original,16000,-441.80582,91.06915,-631.23413,-281.59427,95.2382,64.491066,-73.07503,168.64189,26.151901,29.195133,-30.786533,85.79289,19.648026,28.919687,-35.34965,105.71657,-19.86252,18.520409,-58.98913,22.228733,-9.81097,17.857237,-49.20775,21.02555,-18.668098,20.784262,-74.17821,11.46269,-14.648899,15.321057,-36.9983,31.276287,-5.3207955,16.685926,-52.099083,23.892849,-16.375605,15.513333,-40.85544,18.708065,-3.3089972,13.128292,-41.051277,31.365784,0.34675705,12.104251,-21.484089,30.052094,-4.7076917,10.831058,-24.553225,22.514227,2590.9514925373132,2038.6412514012243,507.8125,6398.4375,0.025913717,0.018207304,0.00036879402,0.059618913,0.11806203358208955,0.10747819269893032,1538.4981701195677,1163.2492613806862
Mariam_Confirm_Transaction5.WAV.ogg_pitch_up,Mariam,,Pitch Shift +2,16000,-457.38092,87.33627,-651.23236,-310.97696,89.826324,58.232502,-50.651512,163.81198,26.776869,35.04679,-34.58802,92.473564,6.234351,23.842165,-37.686333,71.786896,-29.591318,15.663689,-59.574387,13.462048,-8.168569,22.152885,-57.801086,32.689087,-25.48161,20.619534,-77.49502,15.144274,-7.071204,14.099841,-36.31795,24.389833,-12.141626,10.326712,-32.936935,7.9169884,-10.939176,18.74612,-42.212532,37.410248,4.8971205,12.004884,-23.189049,32.218895,-1.0808643,14.265239,-29.118576,33.38327,-3.2889206,13.699496,-39.95616,20.52068,2849.930037313433,2068.779810245449,593.75,6273.4375,0.017913958,0.011827936,0.00027698893,0.04471418,0.1386864505597015,0.12170642972345345,1681.0754530544255,1169.722301062772
Mariam_Confirm_Transaction5.WAV.ogg_time_stretch,Mariam,,Time Stretch 1.1x,16000,-457.2991,90.03564,-650.78845,-316.39078,89.09516,57.399364,-52.854996,159.79698,28.540272,29.511925,-27.132404,91.212296,17.30698,27.033218,-27.451286,92.33298,-25.497124,18.424997,-59.185986,15.676857,-7.8738017,17.699133,-44.52899,30.840279,-21.73195,20.150883,-67.78109,10.957825,-13.788651,13.379317,-32.57533,17.47494,-6.541052,17.09146,-51.173424,21.893827,-16.13338,15.32243,-38.526146,19.422897,-4.469583,15.691682,-47.211044,25.24433,1.8552651,11.76661,-20.609137,27.703823,-2.7993317,11.093876,-23.044674,23.87414,2803.27868852459,1906.1043410680982,554.6875,6312.5,0.017193288,0.01250142,0.00030260213,0.05074729,0.12901831454918034,0.11008724941791173,1614.4223799559068,1067.2483387072848
Mariam_Confirm_Transaction5.WAV.ogg_noise,Mariam,,Background Noise,16000,-88.39233,23.921446,-152.29776,-43.474815,22.115599,23.057686,-43.32066,60.24455,16.246925,9.673149,-2.2433958,43.334736,5.1288347,9.085295,-11.133732,31.38114,-7.339833,9.296622,-32.471764,6.4342647,-5.4451346,10.514975,-24.13863,18.080978,-11.592472,12.36515,-44.3234,7.7471175,-10.5597,8.737063,-31.934338,2.4856985,-5.7890215,6.766143,-21.84691,8.78001,-7.6287537,7.1312003,-28.683723,5.2357826,-4.2282906,7.3084736,-23.000237,13.39662,-1.595778,7.3665185,-16.130623,22.727428,-2.2253304,8.430066,-21.195541,21.623829,6058.185634328358,604.6661425969286,4750.0,6937.5,0.17086872,0.10928898,0.022502372,0.37914258,0.24789383162313433,0.15802319466354553,3042.735654376704,759.931302112245
